extuserid,classcode,category,pe_category,pe_end_index,attempt_end_index,category_type
std_q8ca-BGT2_1731998934764_69,q8ca-BGT2,L9,l9pe,1,3,L
std_Y6z4-72Hs_1731998351774_38,Y6z4-72Hs,L3,l3pe,1,4,L
std_ohtp-Q47Q_1731998498301_45,ohtp-Q47Q,L7,l7pe,1,3,L
std_Bk6K-R4uL_1731998961866_71,Bk6K-R4uL,L9,l9pe,1,3,L
std_qiwm-Th4d_1731998523566_47,qiwm-Th4d,L7,l7pe,1,3,L
std_e8b8-n6r8_1731998178309_27,e8b8-n6r8,L2,l2pe,1,4,L
std_WYNu-f3o4_1731997923711_14,WYNu-f3o4,L1,l1pe,1,3,L
std_Yb7B-EkZt_1731998341891_36,Yb7B-EkZt,L2,l2pe,1,4,L
std_DZk4-B9V6_1731998285966_34,DZk4-B9V6,L2,l2pe,1,4,L
std_vj36-ohQR_1731998228654_31,vj36-ohQR,L2,l2pe,1,4,L
std_bMfV-2bf9_1731998667207_55,bMfV-2bf9,L7,l7pe,1,3,L
std_6jAB-7oZd_1731998179978_28,6jAB-7oZd,L2,l2pe,1,4,L
std_huy9-m2z3_1731998893558_67,huy9-m2z3,L8,l8pe,1,4,L
std_7EVL-6QJd_1731998852632_65,7EVL-6QJd,L8,l8pe,1,4,L
std_C9r8-ujp9_1731997866061_10,C9r8-ujp9,L1,l1pe,1,3,L
std_2jUu-MV4a_1731998794752_61,2jUu-MV4a,L8,l8pe,1,4,L
std_q8ca-BGT2_1731998936436_69,q8ca-BGT2,L9,l9pe,1,3,L
std_6K92-hyDQ_1731998590289_51,6K92-hyDQ,L7,l7pe,1,3,L
std_jZcX-nm9P_1731998258081_32,jZcX-nm9P,L2,l2pe,1,4,L
std_zAUv-Vo2k_1731998741823_58,zAUv-Vo2k,L8,l8pe,1,4,L
std_46oC-nVr6_1731998573124_49,46oC-nVr6,L7,l7pe,1,3,L
std_9RW2-qVW8_1731998713779_57,9RW2-qVW8,L7,l7pe,1,3,L
std_9hVj-26nK_1731998157079_26,9hVj-26nK,L2,l2pe,1,4,L
std_JzeQ-rN7G_1731998186785_29,JzeQ-rN7G,L2,l2pe,1,4,L
std_Mi6m-TY9U_1731999052731_76,Mi6m-TY9U,L9,l9pe,1,3,L
std_vj36-ohQR_1731998232816_31,vj36-ohQR,L2,l2pe,1,4,L
std_BYoh-b2nX_1731998945933_68,BYoh-b2nX,L9,l9pe,1,3,L
std_vj36-ohQR_1731998230544_31,vj36-ohQR,L2,l2pe,1,4,L
std_97t6-zhfx_1731998304571_35,97t6-zhfx,L2,l2pe,1,4,L
std_T4e8-ufKX_1731998044590_21,T4e8-ufKX,L1,l1pe,1,3,L
std_F7dy-Y92u_1731997940102_15,F7dy-Y92u,L1,l1pe,1,3,L
std_DZk4-B9V6_1731998280054_34,DZk4-B9V6,L2,l2pe,1,4,L
std_Bk6K-R4uL_1731998965763_71,Bk6K-R4uL,L9,l9pe,1,3,L
std_97t6-zhfx_1731998306403_35,97t6-zhfx,L2,l2pe,1,4,L
std_Mi6m-TY9U_1731999051160_76,Mi6m-TY9U,L9,l9pe,1,3,L
std_3fJ8-UR3E_1731997950957_16,3fJ8-UR3E,L1,l1pe,1,3,L
std_jZcX-nm9P_1731998254487_32,jZcX-nm9P,L2,l2pe,1,4,L
std_EyVs-NDGR_1731998806644_62,EyVs-NDGR,L8,l8pe,1,4,L
std_tT6K-PuQH_1731999088484_77,tT6K-PuQH,L9,l9pe,1,3,L
std_9n6v-4EF3_1731997904823_12,9n6v-4EF3,L1,l1pe,1,3,L
std_WYNu-f3o4_1731997925883_14,WYNu-f3o4,L1,l1pe,1,3,L
std_Ci4D-Abvc_1731998002987_18,Ci4D-Abvc,L1,l1pe,1,3,L
std_qiwm-Th4d_1731998527761_47,qiwm-Th4d,L7,l7pe,1,3,L
std_Y6z4-72Hs_1731998347229_38,Y6z4-72Hs,L3,l3pe,1,4,L
std_6JZP-GRBW_1731998074537_22,6JZP-GRBW,L1,l1pe,1,3,L
std_46oC-nVr6_1731998575183_49,46oC-nVr6,L7,l7pe,1,3,L
std_zRWb-To3u_1731998466727_44,zRWb-To3u,L7,l7pe,1,3,L
std_LBDE-hFXd_1731997982343_17,LBDE-hFXd,L1,l1pe,1,3,L
std_JzeQ-rN7G_1731998189056_29,JzeQ-rN7G,L2,l2pe,1,4,L
std_6898-3YHb_1731999049447_75,6898-3YHb,L9,l9pe,1,3,L
std_6K92-hyDQ_1731998594860_51,6K92-hyDQ,L7,l7pe,1,3,L
std_2Cx4-ucyL_1731997819227_8,2Cx4-ucyL,L1,l1pe,1,3,L
std_3fJ8-UR3E_1731997954993_16,3fJ8-UR3E,L1,l1pe,1,3,L
std_3MH9-jD64_1731998421914_41,3MH9-jD64,L3,l3pe,1,4,L
std_Tgn6-pkFR_1731998672159_54,Tgn6-pkFR,L7,l7pe,1,3,L
std_T4e8-ufKX_1731998052926_21,T4e8-ufKX,L1,l1pe,1,3,L
std_9hVj-26nK_1731998155324_26,9hVj-26nK,L2,l2pe,1,4,L
std_2Cx4-ucyL_1731997822355_8,2Cx4-ucyL,L1,l1pe,1,3,L
std_T4e8-ufKX_1731998048991_21,T4e8-ufKX,L1,l1pe,1,3,L
std_nEth-EHCV_1731998763633_59,nEth-EHCV,L8,l8pe,1,4,L
std_H4yE-F378_1731998024991_19,H4yE-F378,L1,l1pe,1,3,L
std_LBDE-hFXd_1731997980579_17,LBDE-hFXd,L1,l1pe,1,3,L
std_gbkB-UTs8_1731998540681_48,gbkB-UTs8,L7,l7pe,1,3,L
std_o8xg-8WM2_1731998842947_64,o8xg-8WM2,L8,l8pe,1,4,L
std_6898-3YHb_1731999051539_75,6898-3YHb,L9,l9pe,1,3,L
std_env9-4EmU_1731997904854_13,env9-4EmU,L1,l1pe,1,3,L
std_2jUu-MV4a_1731998796756_61,2jUu-MV4a,L8,l8pe,1,4,L
std_BzUF-oQ9E_1731998452740_43,BzUF-oQ9E,L7,l7pe,1,3,L
std_6jAB-7oZd_1731998176470_28,6jAB-7oZd,L2,l2pe,1,4,L
std_689a-9oQ6_1731998757220_60,689a-9oQ6,L8,l8pe,1,4,L
std_eRPt-yVHf_1731998092409_23,eRPt-yVHf,L2,l2pe,1,4,L
std_86N9-c3hn_1731998630625_52,86N9-c3hn,L7,l7pe,1,3,L
std_hWBo-f4P3_1731998651477_53,hWBo-f4P3,L7,l7pe,1,3,L
std_bMfV-2bf9_1731998663974_55,bMfV-2bf9,L7,l7pe,1,3,L
std_EyVs-NDGR_1731998809904_62,EyVs-NDGR,L8,l8pe,1,4,L
std_4384-WKNm_1731997845133_9,4384-WKNm,L1,l1pe,1,3,L
std_9a4a-r3xs_1731999024274_73,9a4a-r3xs,L9,l9pe,1,3,L
std_H4yE-F378_1731998018921_19,H4yE-F378,L1,l1pe,1,3,L
std_9n6v-4EF3_1731997902707_12,9n6v-4EF3,L1,l1pe,1,3,L
std_zAUv-Vo2k_1731998743408_58,zAUv-Vo2k,L8,l8pe,1,4,L
std_sxvr-eLBA_1731998327185_37,sxvr-eLBA,L2,l2pe,1,4,L
std_2jUu-MV4a_1731998790706_61,2jUu-MV4a,L8,l8pe,1,4,L
std_97t6-zhfx_1731998302761_35,97t6-zhfx,L2,l2pe,1,4,L
std_ona3-2ZLY_1731998822293_63,ona3-2ZLY,L8,l8pe,1,4,L
std_9aQy-oA6n_1731998119290_24,9aQy-oA6n,L2,l2pe,1,4,L
std_qr3Y-xXRe_1731999014896_74,qr3Y-xXRe,L9,l9pe,1,3,L
std_Vuaw-6k9Q_1731998407955_40,Vuaw-6k9Q,L3,l3pe,1,4,L
std_qr3Y-xXRe_1731999018806_74,qr3Y-xXRe,L9,l9pe,1,3,L
std_Tgn6-pkFR_1731998668374_54,Tgn6-pkFR,L7,l7pe,1,3,L
std_ti7b-786i_1731998690357_56,ti7b-786i,L7,l7pe,1,3,L
std_Yb7B-EkZt_1731998338305_36,Yb7B-EkZt,L2,l2pe,1,4,L
std_md86-RxNL_1731998516693_46,md86-RxNL,L7,l7pe,1,3,L
std_tT6K-PuQH_1731999082008_77,tT6K-PuQH,L9,l9pe,1,3,L
std_9n6v-4EF3_1731997899299_12,9n6v-4EF3,L1,l1pe,1,3,L
std_zAUv-Vo2k_1731998739607_58,zAUv-Vo2k,L8,l8pe,1,4,L
std_JzeQ-rN7G_1731998193385_29,JzeQ-rN7G,L2,l2pe,1,4,L
std_EyVs-NDGR_1731998807999_62,EyVs-NDGR,L8,l8pe,1,4,L
std_9aQy-oA6n_1731998117525_24,9aQy-oA6n,L2,l2pe,1,4,L
std_6QMa-eJh6_1731998582832_50,6QMa-eJh6,L7,l7pe,1,3,L
std_6K92-hyDQ_1731998592576_51,6K92-hyDQ,L7,l7pe,1,3,L
std_GkPU-8CRB_1731998997193_72,GkPU-8CRB,L9,l9pe,1,3,L
std_eRPt-yVHf_1731998094023_23,eRPt-yVHf,L2,l2pe,1,4,L
std_6JZP-GRBW_1731998076811_22,6JZP-GRBW,L1,l1pe,1,3,L
std_H46C-L9A9_1731998423893_42,H46C-L9A9,L3,l3pe,1,4,L
std_3fJ8-UR3E_1731997956449_16,3fJ8-UR3E,L1,l1pe,1,3,L
std_7WB2-wyTj_1731998221588_30,7WB2-wyTj,L2,l2pe,1,4,L
std_3MH9-jD64_1731998428058_41,3MH9-jD64,L3,l3pe,1,4,L
std_6JZP-GRBW_1731998079051_22,6JZP-GRBW,L1,l1pe,1,3,L
std_e8b8-n6r8_1731998182002_27,e8b8-n6r8,L2,l2pe,1,4,L
std_2jUu-MV4a_1731998792425_61,2jUu-MV4a,L8,l8pe,1,4,L
std_o8xg-8WM2_1731998837957_64,o8xg-8WM2,L8,l8pe,1,4,L
std_4384-WKNm_1731997843558_9,4384-WKNm,L1,l1pe,1,3,L
std_a2CV-wQTD_1731998279997_33,a2CV-wQTD,L2,l2pe,1,4,L
std_9aQy-oA6n_1731998121561_24,9aQy-oA6n,L2,l2pe,1,4,L
std_86N9-c3hn_1731998632891_52,86N9-c3hn,L7,l7pe,1,3,L
std_7EVL-6QJd_1731998856682_65,7EVL-6QJd,L8,l8pe,1,4,L
std_zRWb-To3u_1731998464857_44,zRWb-To3u,L7,l7pe,1,3,L
std_BYoh-b2nX_1731998948276_68,BYoh-b2nX,L9,l9pe,1,3,L
std_yHc3-62VZ_1731997866738_11,yHc3-62VZ,L1,l1pe,1,3,L
std_Vuaw-6k9Q_1731998406377_40,Vuaw-6k9Q,L3,l3pe,1,4,L
std_eRPt-yVHf_1731998098369_23,eRPt-yVHf,L2,l2pe,1,4,L
std_689a-9oQ6_1731998755726_60,689a-9oQ6,L8,l8pe,1,4,L
std_yHc3-62VZ_1731997868836_11,yHc3-62VZ,L1,l1pe,1,3,L
std_Yb7B-EkZt_1731998339761_36,Yb7B-EkZt,L2,l2pe,1,4,L
std_6QMa-eJh6_1731998578773_50,6QMa-eJh6,L7,l7pe,1,3,L
std_gbkB-UTs8_1731998538945_48,gbkB-UTs8,L7,l7pe,1,3,L
std_Mi6m-TY9U_1731999055874_76,Mi6m-TY9U,L9,l9pe,1,3,L
std_9RW2-qVW8_1731998708332_57,9RW2-qVW8,L7,l7pe,1,3,L
std_qU8T-8kmD_1731998955673_70,qU8T-8kmD,L9,l9pe,1,3,L
std_o8xg-8WM2_1731998841231_64,o8xg-8WM2,L8,l8pe,1,4,L
std_Tgn6-pkFR_1731998670653_54,Tgn6-pkFR,L7,l7pe,1,3,L
std_46oC-nVr6_1731998571148_49,46oC-nVr6,L7,l7pe,1,3,L
std_Tgn6-pkFR_1731998666287_54,Tgn6-pkFR,L7,l7pe,1,3,L
std_689a-9oQ6_1731998754293_60,689a-9oQ6,L8,l8pe,1,4,L
std_yHc3-62VZ_1731997872794_11,yHc3-62VZ,L1,l1pe,1,3,L
std_nEth-EHCV_1731998765794_59,nEth-EHCV,L8,l8pe,1,4,L
std_a2CV-wQTD_1731998277937_33,a2CV-wQTD,L2,l2pe,1,4,L
std_zAUv-Vo2k_1731998745295_58,zAUv-Vo2k,L8,l8pe,1,4,L
std_tT6K-PuQH_1731999086263_77,tT6K-PuQH,L9,l9pe,1,3,L
std_3MH9-jD64_1731998426053_41,3MH9-jD64,L3,l3pe,1,4,L
std_689a-9oQ6_1731998752116_60,689a-9oQ6,L8,l8pe,1,4,L
std_F7dy-Y92u_1731997941619_15,F7dy-Y92u,L1,l1pe,1,3,L
std_ona3-2ZLY_1731998820385_63,ona3-2ZLY,L8,l8pe,1,4,L
std_nEth-EHCV_1731998761889_59,nEth-EHCV,L8,l8pe,1,4,L
std_vj36-ohQR_1731998235089_31,vj36-ohQR,L2,l2pe,1,4,L
std_6QMa-eJh6_1731998580504_50,6QMa-eJh6,L7,l7pe,1,3,L
std_3fJ8-UR3E_1731997952800_16,3fJ8-UR3E,L1,l1pe,1,3,L
std_jZcX-nm9P_1731998255884_32,jZcX-nm9P,L2,l2pe,1,4,L
std_Yb7B-EkZt_1731998336288_36,Yb7B-EkZt,L2,l2pe,1,4,L
std_q8ca-BGT2_1731998938003_69,q8ca-BGT2,L9,l9pe,1,3,L
std_ti7b-786i_1731998688424_56,ti7b-786i,L7,l7pe,1,3,L
std_qU8T-8kmD_1731998953858_70,qU8T-8kmD,L9,l9pe,1,3,L
std_md86-RxNL_1731998518309_46,md86-RxNL,L7,l7pe,1,3,L
std_fkJ3-F4DM_1731998122994_25,fkJ3-F4DM,L2,l2pe,1,4,L
std_9RW2-qVW8_1731998710256_57,9RW2-qVW8,L7,l7pe,1,3,L
std_sxvr-eLBA_1731998332669_37,sxvr-eLBA,L2,l2pe,1,4,L
std_9RW2-qVW8_1731998711772_57,9RW2-qVW8,L7,l7pe,1,3,L
std_Vuaw-6k9Q_1731998404224_40,Vuaw-6k9Q,L3,l3pe,1,4,L
std_7EVL-6QJd_1731998854613_65,7EVL-6QJd,L8,l8pe,1,4,L
std_2Cx4-ucyL_1731997824266_8,2Cx4-ucyL,L1,l1pe,1,3,L
std_H4yE-F378_1731998022684_19,H4yE-F378,L1,l1pe,1,3,L
std_ti7b-786i_1731998684030_56,ti7b-786i,L7,l7pe,1,3,L
std_gbkB-UTs8_1731998542800_48,gbkB-UTs8,L7,l7pe,1,3,L
std_6QMa-eJh6_1731998585071_50,6QMa-eJh6,L7,l7pe,1,3,L
std_9a4a-r3xs_1731999020386_73,9a4a-r3xs,L9,l9pe,1,3,L
std_ohtp-Q47Q_1731998496291_45,ohtp-Q47Q,L7,l7pe,1,3,L
std_9n6v-4EF3_1731997900757_12,9n6v-4EF3,L1,l1pe,1,3,L
std_9a4a-r3xs_1731999018899_73,9a4a-r3xs,L9,l9pe,1,3,L
std_qU8T-8kmD_1731998951610_70,qU8T-8kmD,L9,l9pe,1,3,L
std_JzeQ-rN7G_1731998191087_29,JzeQ-rN7G,L2,l2pe,1,4,L
std_ne7L-U432_1731998892793_66,ne7L-U432,L8,l8pe,1,4,L
std_ti7b-786i_1731998686396_56,ti7b-786i,L7,l7pe,1,3,L
std_yHc3-62VZ_1731997870602_11,yHc3-62VZ,L1,l1pe,1,3,L
std_ohtp-Q47Q_1731998492345_45,ohtp-Q47Q,L7,l7pe,1,3,L
std_zRWb-To3u_1731998463328_44,zRWb-To3u,L7,l7pe,1,3,L
std_7WB2-wyTj_1731998219268_30,7WB2-wyTj,L2,l2pe,1,4,L
std_gbkB-UTs8_1731998544760_48,gbkB-UTs8,L7,l7pe,1,3,L
std_bMfV-2bf9_1731998665342_55,bMfV-2bf9,L7,l7pe,1,3,L
std_6JZP-GRBW_1731998072355_22,6JZP-GRBW,L1,l1pe,1,3,L
std_H46C-L9A9_1731998417827_42,H46C-L9A9,L3,l3pe,1,4,L
std_7WB2-wyTj_1731998214977_30,7WB2-wyTj,L2,l2pe,1,4,L
std_md86-RxNL_1731998515145_46,md86-RxNL,L7,l7pe,1,3,L
std_97t6-zhfx_1731998307798_35,97t6-zhfx,L2,l2pe,1,4,L
std_8x7Y-2Cr4_1731998371750_39,8x7Y-2Cr4,L3,l3pe,1,4,L
std_e8b8-n6r8_1731998180596_27,e8b8-n6r8,L2,l2pe,1,4,L
std_nEth-EHCV_1731998759941_59,nEth-EHCV,L8,l8pe,1,4,L
std_Mi6m-TY9U_1731999054271_76,Mi6m-TY9U,L9,l9pe,1,3,L
std_eRPt-yVHf_1731998096023_23,eRPt-yVHf,L2,l2pe,1,4,L
std_8y3d-Ej3a_1731998037800_20,8y3d-Ej3a,L1,l1pe,1,3,L
std_fkJ3-F4DM_1731998121114_25,fkJ3-F4DM,L2,l2pe,1,4,L
std_EyVs-NDGR_1731998804387_62,EyVs-NDGR,L8,l8pe,1,4,L
std_T4e8-ufKX_1731998046913_21,T4e8-ufKX,L1,l1pe,1,3,L
std_9hVj-26nK_1731998158873_26,9hVj-26nK,L2,l2pe,1,4,L
std_F7dy-Y92u_1731997945029_15,F7dy-Y92u,L1,l1pe,1,3,L
std_GkPU-8CRB_1731998994814_72,GkPU-8CRB,L9,l9pe,1,3,L
std_2Cx4-ucyL_1731997820643_8,2Cx4-ucyL,L1,l1pe,1,3,L
std_sxvr-eLBA_1731998328831_37,sxvr-eLBA,L2,l2pe,1,4,L
std_DZk4-B9V6_1731998282510_34,DZk4-B9V6,L2,l2pe,1,4,L
std_ona3-2ZLY_1731998818234_63,ona3-2ZLY,L8,l8pe,1,4,L
std_86N9-c3hn_1731998636043_52,86N9-c3hn,L7,l7pe,1,3,L
std_zRWb-To3u_1731998468491_44,zRWb-To3u,L7,l7pe,1,3,L
std_WYNu-f3o4_1731997922273_14,WYNu-f3o4,L1,l1pe,1,3,L
std_o8xg-8WM2_1731998839490_64,o8xg-8WM2,L8,l8pe,1,4,L
std_Y6z4-72Hs_1731998353420_38,Y6z4-72Hs,L3,l3pe,1,4,L
std_7WB2-wyTj_1731998217337_30,7WB2-wyTj,L2,l2pe,1,4,L
std_8y3d-Ej3a_1731998036388_20,8y3d-Ej3a,L1,l1pe,1,3,L
std_8y3d-Ej3a_1731998039719_20,8y3d-Ej3a,L1,l1pe,1,3,L
std_GkPU-8CRB_1731998990348_72,GkPU-8CRB,L9,l9pe,1,3,L
std_env9-4EmU_1731997901166_13,env9-4EmU,L1,l1pe,1,3,L
std_4384-WKNm_1731997846838_9,4384-WKNm,L1,l1pe,1,3,L
std_hWBo-f4P3_1731998653204_53,hWBo-f4P3,L7,l7pe,1,3,L
std_8x7Y-2Cr4_1731998375904_39,8x7Y-2Cr4,L3,l3pe,1,4,L
std_a2CV-wQTD_1731998281610_33,a2CV-wQTD,L2,l2pe,1,4,L
std_ne7L-U432_1731998886986_66,ne7L-U432,L8,l8pe,1,4,L
std_C9r8-ujp9_1731997869873_10,C9r8-ujp9,L1,l1pe,1,3,L
std_6898-3YHb_1731999055561_75,6898-3YHb,L9,l9pe,1,3,L
std_qU8T-8kmD_1731998950169_70,qU8T-8kmD,L9,l9pe,1,3,L
std_BzUF-oQ9E_1731998448968_43,BzUF-oQ9E,L7,l7pe,1,3,L
std_GkPU-8CRB_1731998993212_72,GkPU-8CRB,L9,l9pe,1,3,L
std_8x7Y-2Cr4_1731998377529_39,8x7Y-2Cr4,L3,l3pe,1,4,L
std_tT6K-PuQH_1731999084219_77,tT6K-PuQH,L9,l9pe,1,3,L
std_9aQy-oA6n_1731998123117_24,9aQy-oA6n,L2,l2pe,1,4,L
std_q8ca-BGT2_1731998940211_69,q8ca-BGT2,L9,l9pe,1,3,L
std_C9r8-ujp9_1731997863674_10,C9r8-ujp9,L1,l1pe,1,3,L
std_fkJ3-F4DM_1731998124547_25,fkJ3-F4DM,L2,l2pe,1,4,L
std_hWBo-f4P3_1731998649695_53,hWBo-f4P3,L7,l7pe,1,3,L
std_Bk6K-R4uL_1731998964082_71,Bk6K-R4uL,L9,l9pe,1,3,L
std_qiwm-Th4d_1731998525677_47,qiwm-Th4d,L7,l7pe,1,3,L
std_86N9-c3hn_1731998634610_52,86N9-c3hn,L7,l7pe,1,3,L
std_ohtp-Q47Q_1731998494063_45,ohtp-Q47Q,L7,l7pe,1,3,L
std_huy9-m2z3_1731998892059_67,huy9-m2z3,L8,l8pe,1,4,L
std_Vuaw-6k9Q_1731998409944_40,Vuaw-6k9Q,L3,l3pe,1,4,L
std_huy9-m2z3_1731998897307_67,huy9-m2z3,L8,l8pe,1,4,L
std_F7dy-Y92u_1731997943480_15,F7dy-Y92u,L1,l1pe,1,3,L
std_huy9-m2z3_1731998895693_67,huy9-m2z3,L8,l8pe,1,4,L
std_7EVL-6QJd_1731998851099_65,7EVL-6QJd,L8,l8pe,1,4,L
std_9hVj-26nK_1731998161040_26,9hVj-26nK,L2,l2pe,1,4,L
std_Ci4D-Abvc_1731997998991_18,Ci4D-Abvc,L1,l1pe,1,3,L
std_e8b8-n6r8_1731998184175_27,e8b8-n6r8,L2,l2pe,1,4,L
std_a2CV-wQTD_1731998276250_33,a2CV-wQTD,L2,l2pe,1,4,L
std_C9r8-ujp9_1731997867978_10,C9r8-ujp9,L1,l1pe,1,3,L
std_DZk4-B9V6_1731998284242_34,DZk4-B9V6,L2,l2pe,1,4,L
std_H46C-L9A9_1731998420039_42,H46C-L9A9,L3,l3pe,1,4,L
std_9a4a-r3xs_1731999022510_73,9a4a-r3xs,L9,l9pe,1,3,L
std_BYoh-b2nX_1731998949871_68,BYoh-b2nX,L9,l9pe,1,3,L
std_8x7Y-2Cr4_1731998373790_39,8x7Y-2Cr4,L3,l3pe,1,4,L
std_env9-4EmU_1731997898871_13,env9-4EmU,L1,l1pe,1,3,L
std_ona3-2ZLY_1731998824686_63,ona3-2ZLY,L8,l8pe,1,4,L
std_Y6z4-72Hs_1731998349580_38,Y6z4-72Hs,L3,l3pe,1,4,L
std_BzUF-oQ9E_1731998446841_43,BzUF-oQ9E,L7,l7pe,1,3,L
std_Ci4D-Abvc_1731998000915_18,Ci4D-Abvc,L1,l1pe,1,3,L
std_qr3Y-xXRe_1731999020233_74,qr3Y-xXRe,L9,l9pe,1,3,L
std_WYNu-f3o4_1731997927787_14,WYNu-f3o4,L1,l1pe,1,3,L
std_6jAB-7oZd_1731998174835_28,6jAB-7oZd,L2,l2pe,1,4,L
std_Bk6K-R4uL_1731998959848_71,Bk6K-R4uL,L9,l9pe,1,3,L
std_BzUF-oQ9E_1731998451001_43,BzUF-oQ9E,L7,l7pe,1,3,L
std_8y3d-Ej3a_1731998034260_20,8y3d-Ej3a,L1,l1pe,1,3,L
std_bMfV-2bf9_1731998669534_55,bMfV-2bf9,L7,l7pe,1,3,L
std_LBDE-hFXd_1731997978427_17,LBDE-hFXd,L1,l1pe,1,3,L
std_qiwm-Th4d_1731998529893_47,qiwm-Th4d,L7,l7pe,1,3,L
std_jZcX-nm9P_1731998252934_32,jZcX-nm9P,L2,l2pe,1,4,L
std_sxvr-eLBA_1731998330962_37,sxvr-eLBA,L2,l2pe,1,4,L
std_4384-WKNm_1731997849180_9,4384-WKNm,L1,l1pe,1,3,L
std_hWBo-f4P3_1731998647694_53,hWBo-f4P3,L7,l7pe,1,3,L
std_6K92-hyDQ_1731998588775_51,6K92-hyDQ,L7,l7pe,1,3,L
std_46oC-nVr6_1731998577077_49,46oC-nVr6,L7,l7pe,1,3,L
std_ne7L-U432_1731998888899_66,ne7L-U432,L8,l8pe,1,4,L
std_6jAB-7oZd_1731998178556_28,6jAB-7oZd,L2,l2pe,1,4,L
std_qr3Y-xXRe_1731999017048_74,qr3Y-xXRe,L9,l9pe,1,3,L
std_H46C-L9A9_1731998422382_42,H46C-L9A9,L3,l3pe,1,4,L
std_fkJ3-F4DM_1731998119619_25,fkJ3-F4DM,L2,l2pe,1,4,L
std_BYoh-b2nX_1731998943373_68,BYoh-b2nX,L9,l9pe,1,3,L
std_LBDE-hFXd_1731997976488_17,LBDE-hFXd,L1,l1pe,1,3,L
std_Ci4D-Abvc_1731998005004_18,Ci4D-Abvc,L1,l1pe,1,3,L
std_H4yE-F378_1731998021255_19,H4yE-F378,L1,l1pe,1,3,L
std_md86-RxNL_1731998519872_46,md86-RxNL,L7,l7pe,1,3,L
std_3MH9-jD64_1731998423797_41,3MH9-jD64,L3,l3pe,1,4,L
std_ne7L-U432_1731998890975_66,ne7L-U432,L8,l8pe,1,4,L
std_6898-3YHb_1731999053776_75,6898-3YHb,L9,l9pe,1,3,L
std_env9-4EmU_1731997902692_13,env9-4EmU,L1,l1pe,1,3,L
std_nJp2-YuN8_1732013199082_68,nJp2-YuN8,L9,l9pe,1,3,L
std_KvYf-kevb_1732013003373_57,KvYf-kevb,L7,l7pe,1,3,L
std_cB2v-gqZh_1732012935069_53,cB2v-gqZh,L7,l7pe,1,3,L
std_NK7b-fR3n_1732012644637_38,NK7b-fR3n,L3,l3pe,1,4,L
std_NK7b-fR3n_1732012640812_38,NK7b-fR3n,L3,l3pe,1,4,L
std_GhWF-dtP4_1732012196690_13,GhWF-dtP4,L1,l1pe,1,3,L
std_gYAM-keEj_1732012447939_27,gYAM-keEj,L2,l2pe,1,4,L
std_KvYf-kevb_1732012999463_57,KvYf-kevb,L7,l7pe,1,3,L
std_bsXY-N76p_1732013278695_73,bsXY-N76p,L9,l9pe,1,3,L
std_RVA7-y492_1732012417672_25,RVA7-y492,L2,l2pe,1,4,L
std_VMxt-Gdiq_1732013073851_60,VMxt-Gdiq,L8,l8pe,1,4,L
std_KGuc-3EgQ_1732012606752_36,KGuc-3EgQ,L2,l2pe,1,4,L
std_Kk8P-uJ9x_1732012480964_28,Kk8P-uJ9x,L2,l2pe,1,4,L
std_hDr7-3gty_1732013172497_67,hDr7-3gty,L8,l8pe,1,4,L
std_D7hE-sJZQ_1732012269002_16,D7hE-sJZQ,L1,l1pe,1,3,L
std_EgqF-RcfW_1732013226670_69,EgqF-RcfW,L9,l9pe,1,3,L
std_o8yW-ZTPn_1732012571565_34,o8yW-ZTPn,L2,l2pe,1,4,L
std_MiQC-pf64_1732013235664_70,MiQC-pf64,L9,l9pe,1,3,L
std_ZP8u-n2X4_1732013076657_61,ZP8u-n2X4,L8,l8pe,1,4,L
std_cB2v-gqZh_1732012939335_53,cB2v-gqZh,L7,l7pe,1,3,L
std_qQVL-G7bs_1732013138609_65,qQVL-G7bs,L8,l8pe,1,4,L
std_wJig-vyp7_1732012535360_31,wJig-vyp7,L2,l2pe,1,4,L
std_ZP8u-n2X4_1732013073036_61,ZP8u-n2X4,L8,l8pe,1,4,L
std_ZWGB-A3B9_1732012139509_10,ZWGB-A3B9,L1,l1pe,1,3,L
std_se4c-3ngM_1732013240672_71,se4c-3ngM,L9,l9pe,1,3,L
std_uF8D-J7r9_1732012836254_48,uF8D-J7r9,L7,l7pe,1,3,L
std_Rbis-3XdD_1732012808443_47,Rbis-3XdD,L7,l7pe,1,3,L
std_Kk8P-uJ9x_1732012482617_28,Kk8P-uJ9x,L2,l2pe,1,4,L
std_nJp2-YuN8_1732013200953_68,nJp2-YuN8,L9,l9pe,1,3,L
std_cn6Q-HUtC_1732012353553_22,cn6Q-HUtC,L1,l1pe,1,3,L
std_uF8D-J7r9_1732012837894_48,uF8D-J7r9,L7,l7pe,1,3,L
std_W47w-dmwB_1732012650672_39,W47w-dmwB,L3,l3pe,1,4,L
std_cn6Q-HUtC_1732012359399_22,cn6Q-HUtC,L1,l1pe,1,3,L
std_EgqF-RcfW_1732013224982_69,EgqF-RcfW,L9,l9pe,1,3,L
std_dh69-vrgJ_1732012648632_37,dh69-vrgJ,L2,l2pe,1,4,L
std_UtDV-kJ8m_1732012231641_14,UtDV-kJ8m,L1,l1pe,1,3,L
std_W47w-dmwB_1732012652119_39,W47w-dmwB,L3,l3pe,1,4,L
std_Rbis-3XdD_1732012802653_47,Rbis-3XdD,L7,l7pe,1,3,L
std_Rbu3-wDqh_1732013323676_74,Rbu3-wDqh,L9,l9pe,1,3,L
std_ZWGB-A3B9_1732012145478_10,ZWGB-A3B9,L1,l1pe,1,3,L
std_gYAM-keEj_1732012445773_27,gYAM-keEj,L2,l2pe,1,4,L
std_vEqH-kWsg_1732012885268_50,vEqH-kWsg,L7,l7pe,1,3,L
std_GhWF-dtP4_1732012192907_13,GhWF-dtP4,L1,l1pe,1,3,L
std_b9Wm-2Xv9_1732012499407_29,b9Wm-2Xv9,L2,l2pe,1,4,L
std_VMxt-Gdiq_1732013072157_60,VMxt-Gdiq,L8,l8pe,1,4,L
std_o4cQ-tLre_1732012693002_41,o4cQ-tLre,L3,l3pe,1,4,L
std_Rbu3-wDqh_1732013316856_74,Rbu3-wDqh,L9,l9pe,1,3,L
std_gYAM-keEj_1732012449342_27,gYAM-keEj,L2,l2pe,1,4,L
std_godC-Rmx4_1732012778196_45,godC-Rmx4,L7,l7pe,1,3,L
std_q4ex-28PF_1732012354897_21,q4ex-28PF,L1,l1pe,1,3,L
std_D7hE-sJZQ_1732012270532_16,D7hE-sJZQ,L1,l1pe,1,3,L
std_dG6Z-bpU2_1732012978503_56,dG6Z-bpU2,L7,l7pe,1,3,L
std_KvYf-kevb_1732012997664_57,KvYf-kevb,L7,l7pe,1,3,L
std_xU9M-ZEXh_1732012127560_8,xU9M-ZEXh,L1,l1pe,1,3,L
std_vEqH-kWsg_1732012888557_50,vEqH-kWsg,L7,l7pe,1,3,L
std_GhWF-dtP4_1732012194327_13,GhWF-dtP4,L1,l1pe,1,3,L
std_j3UN-jB9U_1732013126286_63,j3UN-jB9U,L8,l8pe,1,4,L
std_o8yW-ZTPn_1732012573788_34,o8yW-ZTPn,L2,l2pe,1,4,L
std_he6r-Cs8k_1732013093936_62,he6r-Cs8k,L8,l8pe,1,4,L
std_q4ex-28PF_1732012351350_21,q4ex-28PF,L1,l1pe,1,3,L
std_cFV3-KTUZ_1732012120810_9,cFV3-KTUZ,L1,l1pe,1,3,L
std_j3UN-jB9U_1732013120324_63,j3UN-jB9U,L8,l8pe,1,4,L
std_dG6Z-bpU2_1732012976977_56,dG6Z-bpU2,L7,l7pe,1,3,L
std_wJig-vyp7_1732012538740_31,wJig-vyp7,L2,l2pe,1,4,L
std_g8jp-vME4_1732012570550_33,g8jp-vME4,L2,l2pe,1,4,L
std_Xz4X-9Wk6_1732012760253_43,Xz4X-9Wk6,L7,l7pe,1,3,L
std_godC-Rmx4_1732012774860_45,godC-Rmx4,L7,l7pe,1,3,L
std_bsXY-N76p_1732013281070_73,bsXY-N76p,L9,l9pe,1,3,L
std_b9Wm-2Xv9_1732012494145_29,b9Wm-2Xv9,L2,l2pe,1,4,L
std_g8jp-vME4_1732012566369_33,g8jp-vME4,L2,l2pe,1,4,L
std_dh69-vrgJ_1732012642001_37,dh69-vrgJ,L2,l2pe,1,4,L
std_j2UJ-wzp6_1732012517917_30,j2UJ-wzp6,L2,l2pe,1,4,L
std_Q6ps-vczY_1732012769229_44,Q6ps-vczY,L7,l7pe,1,3,L
std_Rbis-3XdD_1732012806545_47,Rbis-3XdD,L7,l7pe,1,3,L
std_nJp2-YuN8_1732013194961_68,nJp2-YuN8,L9,l9pe,1,3,L
std_VMxt-Gdiq_1732013070275_60,VMxt-Gdiq,L8,l8pe,1,4,L
std_cFV3-KTUZ_1732012124005_9,cFV3-KTUZ,L1,l1pe,1,3,L
std_godC-Rmx4_1732012776585_45,godC-Rmx4,L7,l7pe,1,3,L
std_cFV3-KTUZ_1732012122249_9,cFV3-KTUZ,L1,l1pe,1,3,L
std_xkRe-VnUR_1732012696469_40,xkRe-VnUR,L3,l3pe,1,4,L
std_o4cQ-tLre_1732012695152_41,o4cQ-tLre,L3,l3pe,1,4,L
std_e829-L4GN_1732013145526_64,e829-L4GN,L8,l8pe,1,4,L
std_cB2v-gqZh_1732012941254_53,cB2v-gqZh,L7,l7pe,1,3,L
std_bsXY-N76p_1732013274934_73,bsXY-N76p,L9,l9pe,1,3,L
std_RVA7-y492_1732012415619_25,RVA7-y492,L2,l2pe,1,4,L
std_e829-L4GN_1732013143294_64,e829-L4GN,L8,l8pe,1,4,L
std_o4cQ-tLre_1732012689804_41,o4cQ-tLre,L3,l3pe,1,4,L
std_uF8D-J7r9_1732012832706_48,uF8D-J7r9,L7,l7pe,1,3,L
std_Kk8P-uJ9x_1732012477332_28,Kk8P-uJ9x,L2,l2pe,1,4,L
std_Xz4X-9Wk6_1732012756455_43,Xz4X-9Wk6,L7,l7pe,1,3,L
std_NK7b-fR3n_1732012646446_38,NK7b-fR3n,L3,l3pe,1,4,L
std_uta7-24Kh_1732012317240_19,uta7-24Kh,L1,l1pe,1,3,L
std_xU9M-ZEXh_1732012125589_8,xU9M-ZEXh,L1,l1pe,1,3,L
std_b9Wm-2Xv9_1732012496307_29,b9Wm-2Xv9,L2,l2pe,1,4,L
std_se4c-3ngM_1732013245548_71,se4c-3ngM,L9,l9pe,1,3,L
std_wJig-vyp7_1732012540736_31,wJig-vyp7,L2,l2pe,1,4,L
std_RoBp-PujP_1732013039935_59,RoBp-PujP,L8,l8pe,1,4,L
std_ZWGB-A3B9_1732012143254_10,ZWGB-A3B9,L1,l1pe,1,3,L
std_nJp2-YuN8_1732013197339_68,nJp2-YuN8,L9,l9pe,1,3,L
std_e829-L4GN_1732013141590_64,e829-L4GN,L8,l8pe,1,4,L
std_uF8D-J7r9_1732012834313_48,uF8D-J7r9,L7,l7pe,1,3,L
std_Q6ps-vczY_1732012771559_44,Q6ps-vczY,L7,l7pe,1,3,L
std_MiQC-pf64_1732013230559_70,MiQC-pf64,L9,l9pe,1,3,L
std_EgqF-RcfW_1732013223590_69,EgqF-RcfW,L9,l9pe,1,3,L
std_VMxt-Gdiq_1732013075738_60,VMxt-Gdiq,L8,l8pe,1,4,L
std_godC-Rmx4_1732012773348_45,godC-Rmx4,L7,l7pe,1,3,L
std_vEqH-kWsg_1732012886768_50,vEqH-kWsg,L7,l7pe,1,3,L
std_KGuc-3EgQ_1732012608981_36,KGuc-3EgQ,L2,l2pe,1,4,L
std_RoBp-PujP_1732013038542_59,RoBp-PujP,L8,l8pe,1,4,L
std_UtDV-kJ8m_1732012229385_14,UtDV-kJ8m,L1,l1pe,1,3,L
std_xU9M-ZEXh_1732012122096_8,xU9M-ZEXh,L1,l1pe,1,3,L
std_MiQC-pf64_1732013228644_70,MiQC-pf64,L9,l9pe,1,3,L
std_DPet-wJKQ_1732012875278_51,DPet-wJKQ,L7,l7pe,1,3,L
std_g8jp-vME4_1732012568192_33,g8jp-vME4,L2,l2pe,1,4,L
std_ZWGB-A3B9_1732012141074_10,ZWGB-A3B9,L1,l1pe,1,3,L
std_W47w-dmwB_1732012655977_39,W47w-dmwB,L3,l3pe,1,4,L
std_D7hE-sJZQ_1732012267244_16,D7hE-sJZQ,L1,l1pe,1,3,L
std_RVA7-y492_1732012413624_25,RVA7-y492,L2,l2pe,1,4,L
std_he6r-Cs8k_1732013096321_62,he6r-Cs8k,L8,l8pe,1,4,L
std_UtDV-kJ8m_1732012227328_14,UtDV-kJ8m,L1,l1pe,1,3,L
std_MiQC-pf64_1732013232804_70,MiQC-pf64,L9,l9pe,1,3,L
std_dG6Z-bpU2_1732012983234_56,dG6Z-bpU2,L7,l7pe,1,3,L
std_cn6Q-HUtC_1732012357818_22,cn6Q-HUtC,L1,l1pe,1,3,L
std_D7hE-sJZQ_1732012265742_16,D7hE-sJZQ,L1,l1pe,1,3,L
std_ZP8u-n2X4_1732013075242_61,ZP8u-n2X4,L8,l8pe,1,4,L
std_hDr7-3gty_1732013176575_67,hDr7-3gty,L8,l8pe,1,4,L
std_RoBp-PujP_1732013042112_59,RoBp-PujP,L8,l8pe,1,4,L
std_dh69-vrgJ_1732012644187_37,dh69-vrgJ,L2,l2pe,1,4,L
std_se4c-3ngM_1732013244167_71,se4c-3ngM,L9,l9pe,1,3,L
std_Xz4X-9Wk6_1732012758442_43,Xz4X-9Wk6,L7,l7pe,1,3,L
std_hDr7-3gty_1732013170184_67,hDr7-3gty,L8,l8pe,1,4,L
std_qQVL-G7bs_1732013140174_65,qQVL-G7bs,L8,l8pe,1,4,L
std_UtDV-kJ8m_1732012225128_14,UtDV-kJ8m,L1,l1pe,1,3,L
std_GhWF-dtP4_1732012198148_13,GhWF-dtP4,L1,l1pe,1,3,L
std_KGuc-3EgQ_1732012605324_36,KGuc-3EgQ,L2,l2pe,1,4,L
std_bsXY-N76p_1732013276359_73,bsXY-N76p,L9,l9pe,1,3,L
std_o8yW-ZTPn_1732012566959_34,o8yW-ZTPn,L2,l2pe,1,4,L
std_xkRe-VnUR_1732012697906_40,xkRe-VnUR,L3,l3pe,1,4,L
std_Rbu3-wDqh_1732013321452_74,Rbu3-wDqh,L9,l9pe,1,3,L
std_ZP8u-n2X4_1732013071120_61,ZP8u-n2X4,L8,l8pe,1,4,L
std_Kk8P-uJ9x_1732012478830_28,Kk8P-uJ9x,L2,l2pe,1,4,L
std_vpZN-3Lko_1732012402546_24,vpZN-3Lko,L2,l2pe,1,4,L
std_R8FU-kFgT_1732012845949_49,R8FU-kFgT,L7,l7pe,1,3,L
std_dh69-vrgJ_1732012646287_37,dh69-vrgJ,L2,l2pe,1,4,L
std_cn6Q-HUtC_1732012355698_22,cn6Q-HUtC,L1,l1pe,1,3,L
std_s3RT-i9r9_1732012532946_32,s3RT-i9r9,L2,l2pe,1,4,L
std_j2UJ-wzp6_1732012516292_30,j2UJ-wzp6,L2,l2pe,1,4,L
std_vEqH-kWsg_1732012883279_50,vEqH-kWsg,L7,l7pe,1,3,L
std_Rbu3-wDqh_1732013319210_74,Rbu3-wDqh,L9,l9pe,1,3,L
std_o4cQ-tLre_1732012691398_41,o4cQ-tLre,L3,l3pe,1,4,L
std_NK7b-fR3n_1732012642510_38,NK7b-fR3n,L3,l3pe,1,4,L
std_s3RT-i9r9_1732012527246_32,s3RT-i9r9,L2,l2pe,1,4,L
std_uta7-24Kh_1732012315845_19,uta7-24Kh,L1,l1pe,1,3,L
std_DPet-wJKQ_1732012877130_51,DPet-wJKQ,L7,l7pe,1,3,L
std_Xz4X-9Wk6_1732012762570_43,Xz4X-9Wk6,L7,l7pe,1,3,L
std_R8FU-kFgT_1732012851934_49,R8FU-kFgT,L7,l7pe,1,3,L
std_g8jp-vME4_1732012564063_33,g8jp-vME4,L2,l2pe,1,4,L
std_he6r-Cs8k_1732013090449_62,he6r-Cs8k,L8,l8pe,1,4,L
std_dG6Z-bpU2_1732012980819_56,dG6Z-bpU2,L7,l7pe,1,3,L
std_o8yW-ZTPn_1732012569284_34,o8yW-ZTPn,L2,l2pe,1,4,L
std_wJig-vyp7_1732012536854_31,wJig-vyp7,L2,l2pe,1,4,L
std_W47w-dmwB_1732012653735_39,W47w-dmwB,L3,l3pe,1,4,L
std_e829-L4GN_1732013139192_64,e829-L4GN,L8,l8pe,1,4,L
std_cB2v-gqZh_1732012937334_53,cB2v-gqZh,L7,l7pe,1,3,L
std_b9Wm-2Xv9_1732012497846_29,b9Wm-2Xv9,L2,l2pe,1,4,L
std_Q6ps-vczY_1732012773677_44,Q6ps-vczY,L7,l7pe,1,3,L
std_uta7-24Kh_1732012313967_19,uta7-24Kh,L1,l1pe,1,3,L
std_Q6ps-vczY_1732012775920_44,Q6ps-vczY,L7,l7pe,1,3,L
std_q4ex-28PF_1732012349040_21,q4ex-28PF,L1,l1pe,1,3,L
std_se4c-3ngM_1732013242204_71,se4c-3ngM,L9,l9pe,1,3,L
std_R8FU-kFgT_1732012850321_49,R8FU-kFgT,L7,l7pe,1,3,L
std_j3UN-jB9U_1732013122636_63,j3UN-jB9U,L8,l8pe,1,4,L
std_j2UJ-wzp6_1732012521854_30,j2UJ-wzp6,L2,l2pe,1,4,L
std_RoBp-PujP_1732013036274_59,RoBp-PujP,L8,l8pe,1,4,L
std_DPet-wJKQ_1732012881524_51,DPet-wJKQ,L7,l7pe,1,3,L
std_gYAM-keEj_1732012443685_27,gYAM-keEj,L2,l2pe,1,4,L
std_Rbis-3XdD_1732012804806_47,Rbis-3XdD,L7,l7pe,1,3,L
std_KvYf-kevb_1732013001799_57,KvYf-kevb,L7,l7pe,1,3,L
std_vpZN-3Lko_1732012399260_24,vpZN-3Lko,L2,l2pe,1,4,L
std_KGuc-3EgQ_1732012603254_36,KGuc-3EgQ,L2,l2pe,1,4,L
std_xkRe-VnUR_1732012699817_40,xkRe-VnUR,L3,l3pe,1,4,L
std_q4ex-28PF_1732012352961_21,q4ex-28PF,L1,l1pe,1,3,L
std_uta7-24Kh_1732012319310_19,uta7-24Kh,L1,l1pe,1,3,L
std_qQVL-G7bs_1732013144027_65,qQVL-G7bs,L8,l8pe,1,4,L
std_cFV3-KTUZ_1732012126153_9,cFV3-KTUZ,L1,l1pe,1,3,L
std_xU9M-ZEXh_1732012123718_8,xU9M-ZEXh,L1,l1pe,1,3,L
std_s3RT-i9r9_1732012530590_32,s3RT-i9r9,L2,l2pe,1,4,L
std_RVA7-y492_1732012412127_25,RVA7-y492,L2,l2pe,1,4,L
std_hDr7-3gty_1732013174697_67,hDr7-3gty,L8,l8pe,1,4,L
std_EgqF-RcfW_1732013228662_69,EgqF-RcfW,L9,l9pe,1,3,L
std_DPet-wJKQ_1732012879294_51,DPet-wJKQ,L7,l7pe,1,3,L
std_j3UN-jB9U_1732013124067_63,j3UN-jB9U,L8,l8pe,1,4,L
std_s3RT-i9r9_1732012528729_32,s3RT-i9r9,L2,l2pe,1,4,L
std_xkRe-VnUR_1732012694183_40,xkRe-VnUR,L3,l3pe,1,4,L
std_j2UJ-wzp6_1732012519497_30,j2UJ-wzp6,L2,l2pe,1,4,L
std_qQVL-G7bs_1732013141764_65,qQVL-G7bs,L8,l8pe,1,4,L
std_he6r-Cs8k_1732013092353_62,he6r-Cs8k,L8,l8pe,1,4,L
std_R8FU-kFgT_1732012848193_49,R8FU-kFgT,L7,l7pe,1,3,L
std_vpZN-3Lko_1732012400711_24,vpZN-3Lko,L2,l2pe,1,4,L
std_vpZN-3Lko_1732012404570_24,vpZN-3Lko,L2,l2pe,1,4,L
std_ZP8u-n2X4_1732013078275_61,ZP8u-n2X4,L8,l8pe,1,4,L
std_NK7b-fR3n_1732012648233_38,NK7b-fR3n,L3,l3pe,1,4,L
std_qQVL-G7bs_1732013145864_65,qQVL-G7bs,L8,l8pe,1,4,L
std_nJp2-YuN8_1732013202698_68,nJp2-YuN8,L9,l9pe,1,3,L
std_se4c-3ngM_1732013247245_71,se4c-3ngM,L9,l9pe,1,3,L
std_xkRe-VnUR_1732012701400_40,xkRe-VnUR,L3,l3pe,1,4,L
std_s3RT-i9r9_1732012534360_32,s3RT-i9r9,L2,l2pe,1,4,L
std_Kk8P-uJ9x_1732012484394_28,Kk8P-uJ9x,L2,l2pe,1,4,L
std_g8jp-vME4_1732012572506_33,g8jp-vME4,L2,l2pe,1,4,L
std_q4ex-28PF_1732012356993_21,q4ex-28PF,L1,l1pe,1,3,L
std_QsBF-ABz2_1731999369765_92,QsBF-ABz2,M4,m4pe,1,4,M
std_2Af2-x6ed_1731999262028_88,2Af2-x6ed,M3,m3pe,1,4,M
std_9kwZ-YZHg_1731999474927_98,9kwZ-YZHg,M5,m5pe,1,4,M
std_Mvzc-u3LW_1731999235167_86,Mvzc-u3LW,M3,m3pe,1,4,M
std_7FXP-7Z6Q_1731999379244_94,7FXP-7Z6Q,M5,m5pe,1,4,M
std_WGW2-6984_1731999175682_83,WGW2-6984,M2,m2pe,1,4,M
std_WGW2-6984_1731999173332_83,WGW2-6984,M2,m2pe,1,4,M
std_7MN7-C9PH_1731999142477_81,7MN7-C9PH,M2,m2pe,1,4,M
std_2Af2-x6ed_1731999263620_88,2Af2-x6ed,M3,m3pe,1,4,M
std_uhFH-9zpZ_1731999277381_89,uhFH-9zpZ,M3,m3pe,1,4,M
std_gUG7-Q4DY_1731999487361_100,gUG7-Q4DY,M5,m5pe,1,4,M
std_2Y78-N4PG_1731999237897_85,2Y78-N4PG,M3,m3pe,1,4,M
std_sG4M-b8fC_1731999310863_90,sG4M-b8fC,M3,m3pe,1,4,M
std_2Af2-x6ed_1731999259847_88,2Af2-x6ed,M3,m3pe,1,4,M
std_Aw8v-x2kE_1731999214313_84,Aw8v-x2kE,M2,m2pe,1,4,M
std_gUG7-Q4DY_1731999485614_100,gUG7-Q4DY,M5,m5pe,1,4,M
std_7FXP-7Z6Q_1731999377022_94,7FXP-7Z6Q,M5,m5pe,1,4,M
std_uhFH-9zpZ_1731999272032_89,uhFH-9zpZ,M3,m3pe,1,4,M
std_96wk-sTNx_1731999348791_91,96wk-sTNx,M4,m4pe,1,4,M
std_6264-PH6A_1731999161648_82,6264-PH6A,M2,m2pe,1,4,M
std_L3m7-wmY4_1731999113317_79,L3m7-wmY4,M1,m1pe,1,4,M
std_9Tty-TwGy_1731999423687_96,9Tty-TwGy,M5,m5pe,1,4,M
std_sG4M-b8fC_1731999309064_90,sG4M-b8fC,M3,m3pe,1,4,M
std_6264-PH6A_1731999159699_82,6264-PH6A,M2,m2pe,1,4,M
std_9Tty-TwGy_1731999425771_96,9Tty-TwGy,M5,m5pe,1,4,M
std_9kwZ-YZHg_1731999473528_98,9kwZ-YZHg,M5,m5pe,1,4,M
std_fduW-DNMF_1731999387523_93,fduW-DNMF,M4,m4pe,1,4,M
std_6264-PH6A_1731999157756_82,6264-PH6A,M2,m2pe,1,4,M
std_Mvzc-u3LW_1731999228956_86,Mvzc-u3LW,M3,m3pe,1,4,M
std_sG4M-b8fC_1731999304844_90,sG4M-b8fC,M3,m3pe,1,4,M
std_3wz2-Uv42_1731999128111_80,3wz2-Uv42,M1,m1pe,1,4,M
std_3wz2-Uv42_1731999132192_80,3wz2-Uv42,M1,m1pe,1,4,M
std_4UkR-EnPH_1731999402691_95,4UkR-EnPH,M5,m5pe,1,4,M
std_4UkR-EnPH_1731999406289_95,4UkR-EnPH,M5,m5pe,1,4,M
std_Aw8v-x2kE_1731999211939_84,Aw8v-x2kE,M2,m2pe,1,4,M
std_Mvzc-u3LW_1731999233130_86,Mvzc-u3LW,M3,m3pe,1,4,M
std_fduW-DNMF_1731999386014_93,fduW-DNMF,M4,m4pe,1,4,M
std_6gHp-9uX9_1731999084586_78,6gHp-9uX9,M1,m1pe,1,4,M
std_LtfQ-J8tk_1731999440482_97,LtfQ-J8tk,M5,m5pe,1,4,M
std_Aw8v-x2kE_1731999210160_84,Aw8v-x2kE,M2,m2pe,1,4,M
std_7MN7-C9PH_1731999144542_81,7MN7-C9PH,M2,m2pe,1,4,M
std_6gHp-9uX9_1731999088679_78,6gHp-9uX9,M1,m1pe,1,4,M
std_QsBF-ABz2_1731999365374_92,QsBF-ABz2,M4,m4pe,1,4,M
std_6gHp-9uX9_1731999090930_78,6gHp-9uX9,M1,m1pe,1,4,M
std_LtfQ-J8tk_1731999442417_97,LtfQ-J8tk,M5,m5pe,1,4,M
std_QsBF-ABz2_1731999367381_92,QsBF-ABz2,M4,m4pe,1,4,M
std_LtfQ-J8tk_1731999444277_97,LtfQ-J8tk,M5,m5pe,1,4,M
std_L3m7-wmY4_1731999111516_79,L3m7-wmY4,M1,m1pe,1,4,M
std_fduW-DNMF_1731999383951_93,fduW-DNMF,M4,m4pe,1,4,M
std_AWRF-h7eB_1731999465745_99,AWRF-h7eB,M5,m5pe,1,4,M
std_6gHp-9uX9_1731999086960_78,6gHp-9uX9,M1,m1pe,1,4,M
std_9kwZ-YZHg_1731999471283_98,9kwZ-YZHg,M5,m5pe,1,4,M
std_WGW2-6984_1731999178106_83,WGW2-6984,M2,m2pe,1,4,M
std_7MN7-C9PH_1731999146299_81,7MN7-C9PH,M2,m2pe,1,4,M
std_Aw8v-x2kE_1731999216394_84,Aw8v-x2kE,M2,m2pe,1,4,M
std_83G9-X6Xn_1731999250767_87,83G9-X6Xn,M3,m3pe,1,4,M
std_gUG7-Q4DY_1731999490661_100,gUG7-Q4DY,M5,m5pe,1,4,M
std_Mvzc-u3LW_1731999230986_86,Mvzc-u3LW,M3,m3pe,1,4,M
std_LtfQ-J8tk_1731999446064_97,LtfQ-J8tk,M5,m5pe,1,4,M
std_2Y78-N4PG_1731999236153_85,2Y78-N4PG,M3,m3pe,1,4,M
std_2Af2-x6ed_1731999265633_88,2Af2-x6ed,M3,m3pe,1,4,M
std_7FXP-7Z6Q_1731999373968_94,7FXP-7Z6Q,M5,m5pe,1,4,M
std_AWRF-h7eB_1731999469817_99,AWRF-h7eB,M5,m5pe,1,4,M
std_7MN7-C9PH_1731999147966_81,7MN7-C9PH,M2,m2pe,1,4,M
std_4UkR-EnPH_1731999404909_95,4UkR-EnPH,M5,m5pe,1,4,M
std_9Tty-TwGy_1731999421369_96,9Tty-TwGy,M5,m5pe,1,4,M
std_3wz2-Uv42_1731999126320_80,3wz2-Uv42,M1,m1pe,1,4,M
std_fduW-DNMF_1731999388894_93,fduW-DNMF,M4,m4pe,1,4,M
std_83G9-X6Xn_1731999255342_87,83G9-X6Xn,M3,m3pe,1,4,M
std_AWRF-h7eB_1731999467706_99,AWRF-h7eB,M5,m5pe,1,4,M
std_7FXP-7Z6Q_1731999375358_94,7FXP-7Z6Q,M5,m5pe,1,4,M
std_9Tty-TwGy_1731999427198_96,9Tty-TwGy,M5,m5pe,1,4,M
std_6264-PH6A_1731999155228_82,6264-PH6A,M2,m2pe,1,4,M
std_L3m7-wmY4_1731999117442_79,L3m7-wmY4,M1,m1pe,1,4,M
std_uhFH-9zpZ_1731999273679_89,uhFH-9zpZ,M3,m3pe,1,4,M
std_QsBF-ABz2_1731999363359_92,QsBF-ABz2,M4,m4pe,1,4,M
std_sG4M-b8fC_1731999306793_90,sG4M-b8fC,M3,m3pe,1,4,M
std_4UkR-EnPH_1731999408350_95,4UkR-EnPH,M5,m5pe,1,4,M
std_96wk-sTNx_1731999350955_91,96wk-sTNx,M4,m4pe,1,4,M
std_96wk-sTNx_1731999347041_91,96wk-sTNx,M4,m4pe,1,4,M
std_96wk-sTNx_1731999345255_91,96wk-sTNx,M4,m4pe,1,4,M
std_3wz2-Uv42_1731999129877_80,3wz2-Uv42,M1,m1pe,1,4,M
std_uhFH-9zpZ_1731999275324_89,uhFH-9zpZ,M3,m3pe,1,4,M
std_gUG7-Q4DY_1731999488944_100,gUG7-Q4DY,M5,m5pe,1,4,M
std_83G9-X6Xn_1731999257618_87,83G9-X6Xn,M3,m3pe,1,4,M
std_2Y78-N4PG_1731999240104_85,2Y78-N4PG,M3,m3pe,1,4,M
std_83G9-X6Xn_1731999252994_87,83G9-X6Xn,M3,m3pe,1,4,M
std_L3m7-wmY4_1731999115702_79,L3m7-wmY4,M1,m1pe,1,4,M
std_2Y78-N4PG_1731999234310_85,2Y78-N4PG,M3,m3pe,1,4,M
std_WGW2-6984_1731999180269_83,WGW2-6984,M2,m2pe,1,4,M
std_AWRF-h7eB_1731999471922_99,AWRF-h7eB,M5,m5pe,1,4,M
std_9kwZ-YZHg_1731999469043_98,9kwZ-YZHg,M5,m5pe,1,4,M
std_i2er-3axr_1732013740550_98,i2er-3axr,M5,m5pe,1,4,M
std_vGqt-jrMo_1732013407077_79,vGqt-jrMo,M1,m1pe,1,4,M
std_WB3d-Zp92_1732013674226_93,WB3d-Zp92,M4,m4pe,1,4,M
std_vGqt-jrMo_1732013405044_79,vGqt-jrMo,M1,m1pe,1,4,M
std_J62M-ur4X_1732013445130_82,J62M-ur4X,M2,m2pe,1,4,M
std_id36-H9jh_1732013489517_85,id36-H9jh,M3,m3pe,1,4,M
std_J62M-ur4X_1732013443497_82,J62M-ur4X,M2,m2pe,1,4,M
std_ig9E-CWDH_1732013541558_88,ig9E-CWDH,M3,m3pe,1,4,M
std_R6WV-R9tQ_1732013424199_80,R6WV-R9tQ,M1,m1pe,1,4,M
std_QAxL-7m3e_1732013731152_97,QAxL-7m3e,M5,m5pe,1,4,M
std_r8h7-t7zE_1732013456086_83,r8h7-t7zE,M2,m2pe,1,4,M
std_J62M-ur4X_1732013446611_82,J62M-ur4X,M2,m2pe,1,4,M
std_Y2W3-Hi2T_1732013752363_99,Y2W3-Hi2T,M5,m5pe,1,4,M
std_nEm4-8A7h_1732013516780_86,nEm4-8A7h,M3,m3pe,1,4,M
std_Y2W3-Hi2T_1732013757791_99,Y2W3-Hi2T,M5,m5pe,1,4,M
std_p8CP-pXbE_1732013692662_95,p8CP-pXbE,M5,m5pe,1,4,M
std_Ksx2-78a3_1732013652091_92,Ksx2-78a3,M4,m4pe,1,4,M
std_Ksx2-78a3_1732013654420_92,Ksx2-78a3,M4,m4pe,1,4,M
std_i2er-3axr_1732013736229_98,i2er-3axr,M5,m5pe,1,4,M
std_WB3d-Zp92_1732013677213_93,WB3d-Zp92,M4,m4pe,1,4,M
std_Y2W3-Hi2T_1732013754383_99,Y2W3-Hi2T,M5,m5pe,1,4,M
std_vGqt-jrMo_1732013408998_79,vGqt-jrMo,M1,m1pe,1,4,M
std_WB3d-Zp92_1732013675736_93,WB3d-Zp92,M4,m4pe,1,4,M
std_ig9E-CWDH_1732013543367_88,ig9E-CWDH,M3,m3pe,1,4,M
std_i2er-3axr_1732013742287_98,i2er-3axr,M5,m5pe,1,4,M
std_QAxL-7m3e_1732013736762_97,QAxL-7m3e,M5,m5pe,1,4,M
std_p8CP-pXbE_1732013694651_95,p8CP-pXbE,M5,m5pe,1,4,M
std_J62M-ur4X_1732013448259_82,J62M-ur4X,M2,m2pe,1,4,M
std_Ksx2-78a3_1732013650356_92,Ksx2-78a3,M4,m4pe,1,4,M
std_p8CP-pXbE_1732013690550_95,p8CP-pXbE,M5,m5pe,1,4,M
std_r8h7-t7zE_1732013458120_83,r8h7-t7zE,M2,m2pe,1,4,M
std_R6WV-R9tQ_1732013422678_80,R6WV-R9tQ,M1,m1pe,1,4,M
std_nEm4-8A7h_1732013510811_86,nEm4-8A7h,M3,m3pe,1,4,M
std_id36-H9jh_1732013491850_85,id36-H9jh,M3,m3pe,1,4,M
std_Ksx2-78a3_1732013655967_92,Ksx2-78a3,M4,m4pe,1,4,M
std_ig9E-CWDH_1732013539215_88,ig9E-CWDH,M3,m3pe,1,4,M
std_vGqt-jrMo_1732013403358_79,vGqt-jrMo,M1,m1pe,1,4,M
std_Y2W3-Hi2T_1732013755813_99,Y2W3-Hi2T,M5,m5pe,1,4,M
std_nEm4-8A7h_1732013514974_86,nEm4-8A7h,M3,m3pe,1,4,M
std_R6WV-R9tQ_1732013419101_80,R6WV-R9tQ,M1,m1pe,1,4,M
std_WB3d-Zp92_1732013672345_93,WB3d-Zp92,M4,m4pe,1,4,M
std_QAxL-7m3e_1732013732558_97,QAxL-7m3e,M5,m5pe,1,4,M
std_i2er-3axr_1732013738530_98,i2er-3axr,M5,m5pe,1,4,M
std_r8h7-t7zE_1732013454175_83,r8h7-t7zE,M2,m2pe,1,4,M
std_r8h7-t7zE_1732013460061_83,r8h7-t7zE,M2,m2pe,1,4,M
std_p8CP-pXbE_1732013688781_95,p8CP-pXbE,M5,m5pe,1,4,M
std_nEm4-8A7h_1732013513163_86,nEm4-8A7h,M3,m3pe,1,4,M
std_id36-H9jh_1732013487432_85,id36-H9jh,M3,m3pe,1,4,M
std_id36-H9jh_1732013493676_85,id36-H9jh,M3,m3pe,1,4,M
std_ig9E-CWDH_1732013545717_88,ig9E-CWDH,M3,m3pe,1,4,M
std_QAxL-7m3e_1732013734575_97,QAxL-7m3e,M5,m5pe,1,4,M
std_R6WV-R9tQ_1732013420581_80,R6WV-R9tQ,M1,m1pe,1,4,M
std_qB9w-8fjt_1732012154168_7,qB9w-8fjt,H4,h4pe,1,4,H
std_J8Kh-d7TD_1732012100759_6,J8Kh-d7TD,H3,h3pe,1,4,H
std_LTI_3v7X-k847_1732012645137_2,3v7X-k847,H7,h7pe,1,3,H
std_4Qeo-2u9i_1732012059473_3,4Qeo-2u9i,H1,h1pe,1,4,H
std_qB9w-8fjt_1732012152498_7,qB9w-8fjt,H4,h4pe,1,4,H
std_LTI_3v7X-k847_1732012656857_2,3v7X-k847,H7,h7pe,1,3,H
std_A2ak-LajQ_1732012099387_5,A2ak-LajQ,H2,h2pe,1,4,H
std_3ucr-L3jB_1732012061878_4,3ucr-L3jB,H1,h1pe,1,4,H
std_LTI_JYyZ-gHi3_1732012635467_1,JYyZ-gHi3,H5,h5pe,1,4,H
std_3ucr-L3jB_1732012060089_4,3ucr-L3jB,H1,h1pe,1,4,H
std_A2ak-LajQ_1732012101320_5,A2ak-LajQ,H2,h2pe,1,4,H
std_J8Kh-d7TD_1732012097627_6,J8Kh-d7TD,H3,h3pe,1,4,H
std_LTI_3v7X-k847_1732012651138_2,3v7X-k847,H7,h7pe,1,3,H
std_LTI_JYyZ-gHi3_1732012628314_1,JYyZ-gHi3,H5,h5pe,1,4,H
std_3ucr-L3jB_1732012055879_4,3ucr-L3jB,H1,h1pe,1,4,H
std_J8Kh-d7TD_1732012099231_6,J8Kh-d7TD,H3,h3pe,1,4,H
std_qB9w-8fjt_1732012155854_7,qB9w-8fjt,H4,h4pe,1,4,H
std_LTI_3v7X-k847_1732012639526_2,3v7X-k847,H7,h7pe,1,3,H
std_A2ak-LajQ_1732012096023_5,A2ak-LajQ,H2,h2pe,1,4,H
std_4Qeo-2u9i_1732012055883_3,4Qeo-2u9i,H1,h1pe,1,4,H
std_J8Kh-d7TD_1732012095854_6,J8Kh-d7TD,H3,h3pe,1,4,H
std_4Qeo-2u9i_1732012061566_3,4Qeo-2u9i,H1,h1pe,1,4,H
std_LTI_JYyZ-gHi3_1732012621549_1,JYyZ-gHi3,H5,h5pe,1,4,H
std_A2ak-LajQ_1732012097448_5,A2ak-LajQ,H2,h2pe,1,4,H
std_LTI_JYyZ-gHi3_1732012613360_1,JYyZ-gHi3,H5,h5pe,1,4,H
std_3ucr-L3jB_1732012057767_4,3ucr-L3jB,H1,h1pe,1,4,H
std_qB9w-8fjt_1732012157501_7,qB9w-8fjt,H4,h4pe,1,4,H
std_4Qeo-2u9i_1732012057804_3,4Qeo-2u9i,H1,h1pe,1,4,H
std_QaGt-dCzF_1731997817809_5,QaGt-dCzF,H2,h2pe,1,4,H
std_QaGt-dCzF_1731997815640_5,QaGt-dCzF,H2,h2pe,1,4,H
std_U8B2-mq26_1731997777432_3,U8B2-mq26,H1,h1pe,1,4,H
std_9e4i-GsiA_1731997825389_6,9e4i-GsiA,H3,h3pe,1,4,H
std_U8B2-mq26_1731997775607_3,U8B2-mq26,H1,h1pe,1,4,H
std_XY3y-39LZ_1731997774356_4,XY3y-39LZ,H1,h1pe,1,4,H
std_LTI_qY7M-D7wp_1731998357307_2,qY7M-D7wp,H7,h7pe,1,3,H
std_LTI_vcuP-L3h6_1731998318224_1,vcuP-L3h6,H5,h5pe,1,4,H
std_U8B2-mq26_1731997773546_3,U8B2-mq26,H1,h1pe,1,4,H
std_LTI_vcuP-L3h6_1731998325111_1,vcuP-L3h6,H5,h5pe,1,4,H
std_LTI_qY7M-D7wp_1731998362495_2,qY7M-D7wp,H7,h7pe,1,3,H
std_9e4i-GsiA_1731997827206_6,9e4i-GsiA,H3,h3pe,1,4,H
std_LTI_qY7M-D7wp_1731998367973_2,qY7M-D7wp,H7,h7pe,1,3,H
std_9e4i-GsiA_1731997823547_6,9e4i-GsiA,H3,h3pe,1,4,H
std_U8B2-mq26_1731997779022_3,U8B2-mq26,H1,h1pe,1,4,H
std_QaGt-dCzF_1731997820388_5,QaGt-dCzF,H2,h2pe,1,4,H
std_rg9x-WM8A_1731997878662_7,rg9x-WM8A,H4,h4pe,1,4,H
std_9e4i-GsiA_1731997821491_6,9e4i-GsiA,H3,h3pe,1,4,H
std_XY3y-39LZ_1731997778837_4,XY3y-39LZ,H1,h1pe,1,4,H
std_rg9x-WM8A_1731997884978_7,rg9x-WM8A,H4,h4pe,1,4,H
std_rg9x-WM8A_1731997881000_7,rg9x-WM8A,H4,h4pe,1,4,H
std_XY3y-39LZ_1731997776658_4,XY3y-39LZ,H1,h1pe,1,4,H
std_XY3y-39LZ_1731997772151_4,XY3y-39LZ,H1,h1pe,1,4,H
std_QaGt-dCzF_1731997822694_5,QaGt-dCzF,H2,h2pe,1,4,H
std_LTI_vcuP-L3h6_1731998333575_1,vcuP-L3h6,H5,h5pe,1,4,H
std_LTI_vcuP-L3h6_1731998340671_1,vcuP-L3h6,H5,h5pe,1,4,H
std_rg9x-WM8A_1731997882740_7,rg9x-WM8A,H4,h4pe,1,4,H
std_LTI_qY7M-D7wp_1731998373263_2,qY7M-D7wp,H7,h7pe,1,3,H
std_rg9x-WM8A_1731997888486_7,rg9x-WM8A,H4,h4pe,1,4,H
std_rg9x-WM8A_1731997886460_7,rg9x-WM8A,H4,h4pe,1,4,H
std_9e4i-GsiA_1731997830700_6,9e4i-GsiA,H3,h3pe,1,4,H
std_U8B2-mq26_1731997782942_3,U8B2-mq26,H1,h1pe,1,4,H
std_XY3y-39LZ_1731997782520_4,XY3y-39LZ,H1,h1pe,1,4,H
std_LTI_qY7M-D7wp_1731998384164_2,qY7M-D7wp,H7,h7pe,1,3,H
std_9e4i-GsiA_1731997829077_6,9e4i-GsiA,H3,h3pe,1,4,H
std_U8B2-mq26_1731997781111_3,U8B2-mq26,H1,h1pe,1,4,H
std_QaGt-dCzF_1731997826178_5,QaGt-dCzF,H2,h2pe,1,4,H
std_LTI_vcuP-L3h6_1731998355051_1,vcuP-L3h6,H5,h5pe,1,4,H