extuserid,classcode,category,pe_category,attempt_end_index,category_type
std_ZTca-Nzr2_1732084225558_67,ZTca-Nzr2,L8,l8pe,4,L
std_ZTca-Nzr2_1732084223332_67,ZTca-Nzr2,L8,l8pe,4,L
std_ZTca-Nzr2_1732084220947_67,ZTca-Nzr2,L8,l8pe,4,L
std_ZTca-Nzr2_1732084218725_67,ZTca-Nzr2,L8,l8pe,4,L
std_ZNya-AJEL_1732083046145_9,ZNya-AJEL,L1,l1pe,3,L
std_ZNya-AJEL_1732083043973_9,ZNya-AJEL,L1,l1pe,3,L
std_ZNya-AJEL_1732083039676_9,ZNya-AJEL,L1,l1pe,3,L
std_ZNya-AJEL_1732083037312_9,ZNya-AJEL,L1,l1pe,3,L
std_z7D3-Uv8K_1732083582250_35,z7D3-Uv8K,L2,l2pe,4,L
std_z7D3-Uv8K_1732083579993_35,z7D3-Uv8K,L2,l2pe,4,L
std_z7D3-Uv8K_1732083578405_35,z7D3-Uv8K,L2,l2pe,4,L
std_z7D3-Uv8K_1732083576084_35,z7D3-Uv8K,L2,l2pe,4,L
std_Z6uM-A3PW_1732084354871_73,Z6uM-A3PW,L9,l9pe,3,L
std_Z6uM-A3PW_1732084352834_73,Z6uM-A3PW,L9,l9pe,3,L
std_Z6uM-A3PW_1732084350455_73,Z6uM-A3PW,L9,l9pe,3,L
std_Z6uM-A3PW_1732084348108_73,Z6uM-A3PW,L9,l9pe,3,L
std_wpMo-yubR_1732084328769_72,wpMo-yubR,L9,l9pe,3,L
std_wpMo-yubR_1732084326683_72,wpMo-yubR,L9,l9pe,3,L
std_wpMo-yubR_1732084324435_72,wpMo-yubR,L9,l9pe,3,L
std_wpMo-yubR_1732084322541_72,wpMo-yubR,L9,l9pe,3,L
std_w9t9-23b6_1732083382758_25,w9t9-23b6,L2,l2pe,4,L
std_w9t9-23b6_1732083380567_25,w9t9-23b6,L2,l2pe,4,L
std_w9t9-23b6_1732083379050_25,w9t9-23b6,L2,l2pe,4,L
std_w9t9-23b6_1732083377088_25,w9t9-23b6,L2,l2pe,4,L
std_w4sg-d7P6_1732083645568_38,w4sg-d7P6,L3,l3pe,4,L
std_w4sg-d7P6_1732083643640_38,w4sg-d7P6,L3,l3pe,4,L
std_w4sg-d7P6_1732083642217_38,w4sg-d7P6,L3,l3pe,4,L
std_w4sg-d7P6_1732083640795_38,w4sg-d7P6,L3,l3pe,4,L
std_W3G2-G8m4_1732083971751_54,W3G2-G8m4,L7,l7pe,3,L
std_W3G2-G8m4_1732083970192_54,W3G2-G8m4,L7,l7pe,3,L
std_W3G2-G8m4_1732083968524_54,W3G2-G8m4,L7,l7pe,3,L
std_W3G2-G8m4_1732083966747_54,W3G2-G8m4,L7,l7pe,3,L
std_vqR7-yGmy_1732084071776_60,vqR7-yGmy,L8,l8pe,4,L
std_vqR7-yGmy_1732084069913_60,vqR7-yGmy,L8,l8pe,4,L
std_vqR7-yGmy_1732084067719_60,vqR7-yGmy,L8,l8pe,4,L
std_vqR7-yGmy_1732084065771_60,vqR7-yGmy,L8,l8pe,4,L
std_VJBa-3Cq2_1732084353066_74,VJBa-3Cq2,L9,l9pe,3,L
std_VJBa-3Cq2_1732084350841_74,VJBa-3Cq2,L9,l9pe,3,L
std_VJBa-3Cq2_1732084349001_74,VJBa-3Cq2,L9,l9pe,3,L
std_VJBa-3Cq2_1732084347564_74,VJBa-3Cq2,L9,l9pe,3,L
std_V972-fMfs_1732083221105_17,V972-fMfs,L1,l1pe,3,L
std_V972-fMfs_1732083219260_17,V972-fMfs,L1,l1pe,3,L
std_V972-fMfs_1732083216986_17,V972-fMfs,L1,l1pe,3,L
std_V972-fMfs_1732083214914_17,V972-fMfs,L1,l1pe,3,L
std_v2dW-u79y_1732083202392_16,v2dW-u79y,L1,l1pe,3,L
std_v2dW-u79y_1732083200360_16,v2dW-u79y,L1,l1pe,3,L
std_v2dW-u79y_1732083198492_16,v2dW-u79y,L1,l1pe,3,L
std_v2dW-u79y_1732083196188_16,v2dW-u79y,L1,l1pe,3,L
std_uG8E-d93E_1732083265448_19,uG8E-d93E,L1,l1pe,3,L
std_uG8E-d93E_1732083263692_19,uG8E-d93E,L1,l1pe,3,L
std_uG8E-d93E_1732083261377_19,uG8E-d93E,L1,l1pe,3,L
std_uG8E-d93E_1732083259447_19,uG8E-d93E,L1,l1pe,3,L
std_U2T4-hev7_1732083420053_27,U2T4-hev7,L2,l2pe,4,L
std_U2T4-hev7_1732083417908_27,U2T4-hev7,L2,l2pe,4,L
std_U2T4-hev7_1732083415627_27,U2T4-hev7,L2,l2pe,4,L
std_U2T4-hev7_1732083413384_27,U2T4-hev7,L2,l2pe,4,L
std_tHfc-sgPf_1732083921289_52,tHfc-sgPf,L7,l7pe,3,L
std_tHfc-sgPf_1732083919543_52,tHfc-sgPf,L7,l7pe,3,L
std_tHfc-sgPf_1732083917274_52,tHfc-sgPf,L7,l7pe,3,L
std_tHfc-sgPf_1732083915093_52,tHfc-sgPf,L7,l7pe,3,L
std_t3Lg-8mnm_1732084075037_59,t3Lg-8mnm,L8,l8pe,4,L
std_t3Lg-8mnm_1732084073356_59,t3Lg-8mnm,L8,l8pe,4,L
std_t3Lg-8mnm_1732084071779_59,t3Lg-8mnm,L8,l8pe,4,L
std_t3Lg-8mnm_1732084069586_59,t3Lg-8mnm,L8,l8pe,4,L
std_sAWj-gvHC_1732083666989_40,sAWj-gvHC,L3,l3pe,4,L
std_sAWj-gvHC_1732083664795_40,sAWj-gvHC,L3,l3pe,4,L
std_sAWj-gvHC_1732083663300_40,sAWj-gvHC,L3,l3pe,4,L
std_sAWj-gvHC_1732083661522_40,sAWj-gvHC,L3,l3pe,4,L
std_s8v4-Fy3w_1732084287519_70,s8v4-Fy3w,L9,l9pe,3,L
std_s8v4-Fy3w_1732084285659_70,s8v4-Fy3w,L9,l9pe,3,L
std_s8v4-Fy3w_1732084283468_70,s8v4-Fy3w,L9,l9pe,3,L
std_s8v4-Fy3w_1732084281849_70,s8v4-Fy3w,L9,l9pe,3,L
std_rz3M-NevR_1732084024068_57,rz3M-NevR,L7,l7pe,3,L
std_rz3M-NevR_1732084022411_57,rz3M-NevR,L7,l7pe,3,L
std_rz3M-NevR_1732084020309_57,rz3M-NevR,L7,l7pe,3,L
std_rz3M-NevR_1732084018773_57,rz3M-NevR,L7,l7pe,3,L
std_RKqQ-um6D_1732083106423_12,RKqQ-um6D,L1,l1pe,3,L
std_RKqQ-um6D_1732083104166_12,RKqQ-um6D,L1,l1pe,3,L
std_RKqQ-um6D_1732083102724_12,RKqQ-um6D,L1,l1pe,3,L
std_RKqQ-um6D_1732083100340_12,RKqQ-um6D,L1,l1pe,3,L
std_QGd7-aLNW_1732084003448_56,QGd7-aLNW,L7,l7pe,3,L
std_QGd7-aLNW_1732084002023_56,QGd7-aLNW,L7,l7pe,3,L
std_QGd7-aLNW_1732084000138_56,QGd7-aLNW,L7,l7pe,3,L
std_QGd7-aLNW_1732083997891_56,QGd7-aLNW,L7,l7pe,3,L
std_pxez-VBv8_1732083435488_28,pxez-VBv8,L2,l2pe,4,L
std_pxez-VBv8_1732083433103_28,pxez-VBv8,L2,l2pe,4,L
std_pxez-VBv8_1732083431471_28,pxez-VBv8,L2,l2pe,4,L
std_pxez-VBv8_1732083429786_28,pxez-VBv8,L2,l2pe,4,L
std_p87R-vwrg_1732083828556_48,p87R-vwrg,L7,l7pe,3,L
std_p87R-vwrg_1732083827091_48,p87R-vwrg,L7,l7pe,3,L
std_p87R-vwrg_1732083825532_48,p87R-vwrg,L7,l7pe,3,L
std_p87R-vwrg_1732083823857_48,p87R-vwrg,L7,l7pe,3,L
std_oTNv-fFbi_1732083289279_21,oTNv-fFbi,L1,l1pe,3,L
std_oTNv-fFbi_1732083287252_21,oTNv-fFbi,L1,l1pe,3,L
std_oTNv-fFbi_1732083285818_21,oTNv-fFbi,L1,l1pe,3,L
std_oTNv-fFbi_1732083284262_21,oTNv-fFbi,L1,l1pe,3,L
std_nAi6-QAUb_1732083182916_15,nAi6-QAUb,L1,l1pe,3,L
std_nAi6-QAUb_1732083180568_15,nAi6-QAUb,L1,l1pe,3,L
std_nAi6-QAUb_1732083179014_15,nAi6-QAUb,L1,l1pe,3,L
std_nAi6-QAUb_1732083177258_15,nAi6-QAUb,L1,l1pe,3,L
std_Mr9K-N89G_1732083910885_51,Mr9K-N89G,L7,l7pe,3,L
std_Mr9K-N89G_1732083909484_51,Mr9K-N89G,L7,l7pe,3,L
std_Mr9K-N89G_1732083907607_51,Mr9K-N89G,L7,l7pe,3,L
std_Mr9K-N89G_1732083905403_51,Mr9K-N89G,L7,l7pe,3,L
std_L3Fp-4C3d_1732083851862_49,L3Fp-4C3d,L7,l7pe,3,L
std_L3Fp-4C3d_1732083849889_49,L3Fp-4C3d,L7,l7pe,3,L
std_L3Fp-4C3d_1732083848220_49,L3Fp-4C3d,L7,l7pe,3,L
std_L3Fp-4C3d_1732083846106_49,L3Fp-4C3d,L7,l7pe,3,L
std_KX6P-9U8k_1732084185351_65,KX6P-9U8k,L8,l8pe,4,L
std_KX6P-9U8k_1732084183790_65,KX6P-9U8k,L8,l8pe,4,L
std_KX6P-9U8k_1732084181574_65,KX6P-9U8k,L8,l8pe,4,L
std_KX6P-9U8k_1732084179723_65,KX6P-9U8k,L8,l8pe,4,L
std_k387-zNCR_1732083520741_33,k387-zNCR,L2,l2pe,4,L
std_k387-zNCR_1732083518949_33,k387-zNCR,L2,l2pe,4,L
std_k387-zNCR_1732083515353_33,k387-zNCR,L2,l2pe,4,L
std_k387-zNCR_1732083513360_33,k387-zNCR,L2,l2pe,4,L
std_jTaY-4sh3_1732084136224_62,jTaY-4sh3,L8,l8pe,4,L
std_jTaY-4sh3_1732084134076_62,jTaY-4sh3,L8,l8pe,4,L
std_jTaY-4sh3_1732084131817_62,jTaY-4sh3,L8,l8pe,4,L
std_jTaY-4sh3_1732084130147_62,jTaY-4sh3,L8,l8pe,4,L
std_JGcU-RA4t_1732083814043_46,JGcU-RA4t,L7,l7pe,3,L
std_JGcU-RA4t_1732083812374_46,JGcU-RA4t,L7,l7pe,3,L
std_JGcU-RA4t_1732083810143_46,JGcU-RA4t,L7,l7pe,3,L
std_JGcU-RA4t_1732083808261_46,JGcU-RA4t,L7,l7pe,3,L
std_jF9x-4s62_1732083355646_22,jF9x-4s62,L1,l1pe,3,L
std_jF9x-4s62_1732083353065_22,jF9x-4s62,L1,l1pe,3,L
std_jF9x-4s62_1732083351443_22,jF9x-4s62,L1,l1pe,3,L
std_jF9x-4s62_1732083349130_22,jF9x-4s62,L1,l1pe,3,L
std_itM3-gC3X_1732084248401_68,itM3-gC3X,L9,l9pe,3,L
std_itM3-gC3X_1732084244241_68,itM3-gC3X,L9,l9pe,3,L
std_itM3-gC3X_1732084242483_68,itM3-gC3X,L9,l9pe,3,L
std_itM3-gC3X_1732084240731_68,itM3-gC3X,L9,l9pe,3,L
std_hsHW-476h_1732084102942_61,hsHW-476h,L8,l8pe,4,L
std_hsHW-476h_1732084100646_61,hsHW-476h,L8,l8pe,4,L
std_hsHW-476h_1732084099088_61,hsHW-476h,L8,l8pe,4,L
std_hsHW-476h_1732084097640_61,hsHW-476h,L8,l8pe,4,L
std_GYC9-suHp_1732083449144_29,GYC9-suHp,L2,l2pe,4,L
std_GYC9-suHp_1732083446798_29,GYC9-suHp,L2,l2pe,4,L
std_GYC9-suHp_1732083444456_29,GYC9-suHp,L2,l2pe,4,L
std_GYC9-suHp_1732083442641_29,GYC9-suHp,L2,l2pe,4,L
std_GCm4-Tugf_1732083120630_13,GCm4-Tugf,L1,l1pe,3,L
std_GCm4-Tugf_1732083118625_13,GCm4-Tugf,L1,l1pe,3,L
std_GCm4-Tugf_1732083116405_13,GCm4-Tugf,L1,l1pe,3,L
std_GCm4-Tugf_1732083114398_13,GCm4-Tugf,L1,l1pe,3,L
std_eXih-ZF4E_1732084284255_69,eXih-ZF4E,L9,l9pe,3,L
std_eXih-ZF4E_1732084282632_69,eXih-ZF4E,L9,l9pe,3,L
std_eXih-ZF4E_1732084280739_69,eXih-ZF4E,L9,l9pe,3,L
std_eXih-ZF4E_1732084278625_69,eXih-ZF4E,L9,l9pe,3,L
std_eDRz-oUfv_1732083151693_14,eDRz-oUfv,L1,l1pe,3,L
std_eDRz-oUfv_1732083149923_14,eDRz-oUfv,L1,l1pe,3,L
std_eDRz-oUfv_1732083147780_14,eDRz-oUfv,L1,l1pe,3,L
std_eDRz-oUfv_1732083144514_14,eDRz-oUfv,L1,l1pe,3,L
std_eDJ4-xUo9_1732084206613_66,eDJ4-xUo9,L8,l8pe,4,L
std_eDJ4-xUo9_1732084205218_66,eDJ4-xUo9,L8,l8pe,4,L
std_eDJ4-xUo9_1732084203641_66,eDJ4-xUo9,L8,l8pe,4,L
std_eDJ4-xUo9_1732084201591_66,eDJ4-xUo9,L8,l8pe,4,L
std_EDj3-t3dW_1732083245372_18,EDj3-t3dW,L1,l1pe,3,L
std_EDj3-t3dW_1732083243694_18,EDj3-t3dW,L1,l1pe,3,L
std_EDj3-t3dW_1732083242274_18,EDj3-t3dW,L1,l1pe,3,L
std_EDj3-t3dW_1732083240310_18,EDj3-t3dW,L1,l1pe,3,L
std_Dz6e-hM48_1732083391251_26,Dz6e-hM48,L2,l2pe,4,L
std_Dz6e-hM48_1732083389556_26,Dz6e-hM48,L2,l2pe,4,L
std_Dz6e-hM48_1732083387319_26,Dz6e-hM48,L2,l2pe,4,L
std_Dz6e-hM48_1732083385604_26,Dz6e-hM48,L2,l2pe,4,L
std_CH84-kwso_1732083756415_43,CH84-kwso,L7,l7pe,3,L
std_CH84-kwso_1732083754044_43,CH84-kwso,L7,l7pe,3,L
std_CH84-kwso_1732083751417_43,CH84-kwso,L7,l7pe,3,L
std_CH84-kwso_1732083749106_43,CH84-kwso,L7,l7pe,3,L
std_ACbF-2tAk_1732083709243_42,ACbF-2tAk,L3,l3pe,4,L
std_ACbF-2tAk_1732083707830_42,ACbF-2tAk,L3,l3pe,4,L
std_ACbF-2tAk_1732083706168_42,ACbF-2tAk,L3,l3pe,4,L
std_ACbF-2tAk_1732083704731_42,ACbF-2tAk,L3,l3pe,4,L
std_A7Mo-4KhR_1732083565829_34,A7Mo-4KhR,L2,l2pe,4,L
std_A7Mo-4KhR_1732083563884_34,A7Mo-4KhR,L2,l2pe,4,L
std_A7Mo-4KhR_1732083561711_34,A7Mo-4KhR,L2,l2pe,4,L
std_A7Mo-4KhR_1732083559736_34,A7Mo-4KhR,L2,l2pe,4,L
std_A6uU-cNKP_1732083609498_37,A6uU-cNKP,L2,l2pe,4,L
std_A6uU-cNKP_1732083607942_37,A6uU-cNKP,L2,l2pe,4,L
std_A6uU-cNKP_1732083606199_37,A6uU-cNKP,L2,l2pe,4,L
std_A6uU-cNKP_1732083603804_37,A6uU-cNKP,L2,l2pe,4,L
std_A2bR-gQBU_1732083612816_36,A2bR-gQBU,L2,l2pe,4,L
std_A2bR-gQBU_1732083611038_36,A2bR-gQBU,L2,l2pe,4,L
std_A2bR-gQBU_1732083608990_36,A2bR-gQBU,L2,l2pe,4,L
std_A2bR-gQBU_1732083607135_36,A2bR-gQBU,L2,l2pe,4,L
std_9vcQ-7z7r_1732083340885_23,9vcQ-7z7r,L2,l2pe,4,L
std_9vcQ-7z7r_1732083338873_23,9vcQ-7z7r,L2,l2pe,4,L
std_9vcQ-7z7r_1732083336577_23,9vcQ-7z7r,L2,l2pe,4,L
std_9vcQ-7z7r_1732083334362_23,9vcQ-7z7r,L2,l2pe,4,L
std_9oH2-8Q7Y_1732083792870_45,9oH2-8Q7Y,L7,l7pe,3,L
std_9oH2-8Q7Y_1732083790772_45,9oH2-8Q7Y,L7,l7pe,3,L
std_9oH2-8Q7Y_1732083788845_45,9oH2-8Q7Y,L7,l7pe,3,L
std_9oH2-8Q7Y_1732083786364_45,9oH2-8Q7Y,L7,l7pe,3,L
std_84bJ-Vbfj_1732084041669_58,84bJ-Vbfj,L8,l8pe,4,L
std_84bJ-Vbfj_1732084039398_58,84bJ-Vbfj,L8,l8pe,4,L
std_84bJ-Vbfj_1732084037221_58,84bJ-Vbfj,L8,l8pe,4,L
std_84bJ-Vbfj_1732084035689_58,84bJ-Vbfj,L8,l8pe,4,L
std_7ZyN-94kL_1732083500181_31,7ZyN-94kL,L2,l2pe,4,L
std_7ZyN-94kL_1732083498020_31,7ZyN-94kL,L2,l2pe,4,L
std_7ZyN-94kL_1732083496587_31,7ZyN-94kL,L2,l2pe,4,L
std_7ZyN-94kL_1732083494371_31,7ZyN-94kL,L2,l2pe,4,L
std_7PN6-fz34_1732084391429_75,7PN6-fz34,L9,l9pe,3,L
std_7PN6-fz34_1732084389353_75,7PN6-fz34,L9,l9pe,3,L
std_7PN6-fz34_1732084387764_75,7PN6-fz34,L9,l9pe,3,L
std_7PN6-fz34_1732084386049_75,7PN6-fz34,L9,l9pe,3,L
std_7hun-xLDE_1732083502495_32,7hun-xLDE,L2,l2pe,4,L
std_7hun-xLDE_1732083500876_32,7hun-xLDE,L2,l2pe,4,L
std_7hun-xLDE_1732083499007_32,7hun-xLDE,L2,l2pe,4,L
std_7hun-xLDE_1732083496991_32,7hun-xLDE,L2,l2pe,4,L
std_7bKj-9Byc_1732083038304_8,7bKj-9Byc,L1,l1pe,3,L
std_7bKj-9Byc_1732083036160_8,7bKj-9Byc,L1,l1pe,3,L
std_7bKj-9Byc_1732083034280_8,7bKj-9Byc,L1,l1pe,3,L
std_7bKj-9Byc_1732083032879_8,7bKj-9Byc,L1,l1pe,3,L
std_6zNt-LiQw_1732083699020_41,6zNt-LiQw,L3,l3pe,4,L
std_6zNt-LiQw_1732083696687_41,6zNt-LiQw,L3,l3pe,4,L
std_6zNt-LiQw_1732083694551_41,6zNt-LiQw,L3,l3pe,4,L
std_6zNt-LiQw_1732083692880_41,6zNt-LiQw,L3,l3pe,4,L
std_6XuC-Jy8G_1732083066094_10,6XuC-Jy8G,L1,l1pe,3,L
std_6XuC-Jy8G_1732083064284_10,6XuC-Jy8G,L1,l1pe,3,L
std_6XuC-Jy8G_1732083062842_10,6XuC-Jy8G,L1,l1pe,3,L
std_6XuC-Jy8G_1732083061065_10,6XuC-Jy8G,L1,l1pe,3,L
std_6t6H-943t_1732083824901_47,6t6H-943t,L7,l7pe,3,L
std_6t6H-943t_1732083822798_47,6t6H-943t,L7,l7pe,3,L
std_6t6H-943t_1732083821214_47,6t6H-943t,L7,l7pe,3,L
std_6t6H-943t_1732083819569_47,6t6H-943t,L7,l7pe,3,L
std_6F9o-d83V_1732084410375_76,6F9o-d83V,L9,l9pe,3,L
std_6F9o-d83V_1732084408355_76,6F9o-d83V,L9,l9pe,3,L
std_6F9o-d83V_1732084406405_76,6F9o-d83V,L9,l9pe,3,L
std_6F9o-d83V_1732084404682_76,6F9o-d83V,L9,l9pe,3,L
std_6EZY-jdjs_1732084153906_63,6EZY-jdjs,L8,l8pe,4,L
std_6EZY-jdjs_1732084151956_63,6EZY-jdjs,L8,l8pe,4,L
std_6EZY-jdjs_1732084149790_63,6EZY-jdjs,L8,l8pe,4,L
std_6EZY-jdjs_1732084148186_63,6EZY-jdjs,L8,l8pe,4,L
std_6c94-Zckg_1732083646911_39,6c94-Zckg,L3,l3pe,4,L
std_6c94-Zckg_1732083645166_39,6c94-Zckg,L3,l3pe,4,L
std_6c94-Zckg_1732083643314_39,6c94-Zckg,L3,l3pe,4,L
std_6c94-Zckg_1732083641334_39,6c94-Zckg,L3,l3pe,4,L
std_6BiY-V9Ra_1732084164808_64,6BiY-V9Ra,L8,l8pe,4,L
std_6BiY-V9Ra_1732084162765_64,6BiY-V9Ra,L8,l8pe,4,L
std_6BiY-V9Ra_1732084160591_64,6BiY-V9Ra,L8,l8pe,4,L
std_6BiY-V9Ra_1732084158605_64,6BiY-V9Ra,L8,l8pe,4,L
std_6Aaf-4Ync_1732083097532_11,6Aaf-4Ync,L1,l1pe,3,L
std_6Aaf-4Ync_1732083095215_11,6Aaf-4Ync,L1,l1pe,3,L
std_6Aaf-4Ync_1732083093349_11,6Aaf-4Ync,L1,l1pe,3,L
std_6Aaf-4Ync_1732083091330_11,6Aaf-4Ync,L1,l1pe,3,L
std_68LJ-3R7b_1732083889273_50,68LJ-3R7b,L7,l7pe,3,L
std_68LJ-3R7b_1732083887028_50,68LJ-3R7b,L7,l7pe,3,L
std_68LJ-3R7b_1732083885029_50,68LJ-3R7b,L7,l7pe,3,L
std_68LJ-3R7b_1732083882899_50,68LJ-3R7b,L7,l7pe,3,L
std_67uE-9oAe_1732083260823_20,67uE-9oAe,L1,l1pe,3,L
std_67uE-9oAe_1732083258985_20,67uE-9oAe,L1,l1pe,3,L
std_67uE-9oAe_1732083257557_20,67uE-9oAe,L1,l1pe,3,L
std_67uE-9oAe_1732083255780_20,67uE-9oAe,L1,l1pe,3,L
std_6267-oN6G_1732084423530_77,6267-oN6G,L9,l9pe,3,L
std_6267-oN6G_1732084421875_77,6267-oN6G,L9,l9pe,3,L
std_6267-oN6G_1732084420347_77,6267-oN6G,L9,l9pe,3,L
std_6267-oN6G_1732084418631_77,6267-oN6G,L9,l9pe,3,L
std_3Rfx-yxMN_1732084315911_71,3Rfx-yxMN,L9,l9pe,3,L
std_3Rfx-yxMN_1732084313780_71,3Rfx-yxMN,L9,l9pe,3,L
std_3Rfx-yxMN_1732084311543_71,3Rfx-yxMN,L9,l9pe,3,L
std_3Rfx-yxMN_1732084309897_71,3Rfx-yxMN,L9,l9pe,3,L
std_3omJ-9gX3_1732083355292_24,3omJ-9gX3,L2,l2pe,4,L
std_3omJ-9gX3_1732083352956_24,3omJ-9gX3,L2,l2pe,4,L
std_3omJ-9gX3_1732083351506_24,3omJ-9gX3,L2,l2pe,4,L
std_3omJ-9gX3_1732083349489_24,3omJ-9gX3,L2,l2pe,4,L
std_3mo6-z37x_1732083468050_30,3mo6-z37x,L2,l2pe,4,L
std_3mo6-z37x_1732083465700_30,3mo6-z37x,L2,l2pe,4,L
std_3mo6-z37x_1732083463637_30,3mo6-z37x,L2,l2pe,4,L
std_3mo6-z37x_1732083462055_30,3mo6-z37x,L2,l2pe,4,L
std_2tv9-gmPL_1732083952030_53,2tv9-gmPL,L7,l7pe,3,L
std_2tv9-gmPL_1732083950415_53,2tv9-gmPL,L7,l7pe,3,L
std_2tv9-gmPL_1732083948444_53,2tv9-gmPL,L7,l7pe,3,L
std_2tv9-gmPL_1732083946457_53,2tv9-gmPL,L7,l7pe,3,L
std_2m9d-p936_1732083765017_44,2m9d-p936,L7,l7pe,3,L
std_2m9d-p936_1732083763334_44,2m9d-p936,L7,l7pe,3,L
std_2m9d-p936_1732083761050_44,2m9d-p936,L7,l7pe,3,L
std_2m9d-p936_1732083758964_44,2m9d-p936,L7,l7pe,3,L
std_28B2-9z92_1732083971147_55,28B2-9z92,L7,l7pe,3,L
std_28B2-9z92_1732083969221_55,28B2-9z92,L7,l7pe,3,L
std_28B2-9z92_1732083967165_55,28B2-9z92,L7,l7pe,3,L
std_28B2-9z92_1732083964750_55,28B2-9z92,L7,l7pe,3,L
std_dxK3-qpur_1731991844100_18,dxK3-qpur,L1,l1pe,3,L
std_JGFN-2rQd_1731992658715_62,JGFN-2rQd,L8,l8pe,4,L
std_dvNB-2N2A_1731992869155_74,dvNB-2N2A,L9,l9pe,3,L
std_es47-TX9u_1731992687749_65,es47-TX9u,L8,l8pe,4,L
std_XJ2h-3A8x_1731992467851_53,XJ2h-3A8x,L7,l7pe,3,L
std_UN4e-9Bob_1731991920191_23,UN4e-9Bob,L2,l2pe,4,L
std_YrD9-LJM3_1731992058773_30,YrD9-LJM3,L2,l2pe,4,L
std_tUfk-DEh8_1731992110879_33,tUfk-DEh8,L2,l2pe,4,L
std_Vfh4-UbAg_1731991775696_14,Vfh4-UbAg,L1,l1pe,3,L
std_Gjoq-UgAE_1731992527842_56,Gjoq-UgAE,L7,l7pe,3,L
std_JGFN-2rQd_1731992660251_62,JGFN-2rQd,L8,l8pe,4,L
std_MR6U-tmeT_1731991735547_12,MR6U-tmeT,L1,l1pe,3,L
std_Q4Lz-nmwW_1731991670143_8,Q4Lz-nmwW,L1,l1pe,3,L
std_Vs4j-VH7r_1731992292742_42,Vs4j-VH7r,L3,l3pe,4,L
std_KFZN-2DyT_1731992649246_61,KFZN-2DyT,L8,l8pe,4,L
std_dvNB-2N2A_1731992875665_74,dvNB-2N2A,L9,l9pe,3,L
std_yPLs-j789_1731992377670_48,yPLs-j789,L7,l7pe,3,L
std_b63x-4u26_1731992764577_68,b63x-4u26,L9,l9pe,3,L
std_s4K9-62yU_1731992225375_40,s4K9-62yU,L3,l3pe,4,L
std_NX7w-dLok_1731992325371_44,NX7w-dLok,L7,l7pe,3,L
std_UN4e-9Bob_1731991924058_23,UN4e-9Bob,L2,l2pe,4,L
std_Q4Lz-nmwW_1731991672372_8,Q4Lz-nmwW,L1,l1pe,3,L
std_M7Cq-L3z3_1731992759953_69,M7Cq-L3z3,L9,l9pe,3,L
std_UN4e-9Bob_1731991918008_23,UN4e-9Bob,L2,l2pe,4,L
std_fWDo-kc3v_1731992838921_73,fWDo-kc3v,L9,l9pe,3,L
std_Zf6z-Q28r_1731992886190_75,Zf6z-Q28r,L9,l9pe,3,L
std_WV98-F7c2_1731991865531_19,WV98-F7c2,L1,l1pe,3,L
std_NX7w-dLok_1731992330596_44,NX7w-dLok,L7,l7pe,3,L
std_XJ2h-3A8x_1731992473875_53,XJ2h-3A8x,L7,l7pe,3,L
std_NX7w-dLok_1731992329175_44,NX7w-dLok,L7,l7pe,3,L
std_ZV3G-J7v3_1731992884862_76,ZV3G-J7v3,L9,l9pe,3,L
std_xt9M-2Bsv_1731991707696_10,xt9M-2Bsv,L1,l1pe,3,L
std_ZV3G-J7v3_1731992888778_76,ZV3G-J7v3,L9,l9pe,3,L
std_Yy4t-Qo6k_1731992674890_63,Yy4t-Qo6k,L8,l8pe,4,L
std_g4rU-GxAr_1731992824204_71,g4rU-GxAr,L9,l9pe,3,L
std_yPLs-j789_1731992379487_48,yPLs-j789,L7,l7pe,3,L
std_h7tM-9g2b_1731992081298_32,h7tM-9g2b,L2,l2pe,4,L
std_cE79-ui3c_1731991724012_11,cE79-ui3c,L1,l1pe,3,L
std_ZV3G-J7v3_1731992886892_76,ZV3G-J7v3,L9,l9pe,3,L
std_es47-TX9u_1731992691110_65,es47-TX9u,L8,l8pe,4,L
std_es47-TX9u_1731992689252_65,es47-TX9u,L8,l8pe,4,L
std_PQRY-Gqnd_1731992908827_77,PQRY-Gqnd,L9,l9pe,3,L
std_dvNB-2N2A_1731992871261_74,dvNB-2N2A,L9,l9pe,3,L
std_Vfh4-UbAg_1731991771237_14,Vfh4-UbAg,L1,l1pe,3,L
std_Vs4j-VH7r_1731992295117_42,Vs4j-VH7r,L3,l3pe,4,L
std_BN3H-uvY7_1731991887395_21,BN3H-uvY7,L1,l1pe,3,L
std_M7Cq-L3z3_1731992761946_69,M7Cq-L3z3,L9,l9pe,3,L
std_dD6z-7bwp_1731991965646_24,dD6z-7bwp,L2,l2pe,4,L
std_XJ2h-3A8x_1731992471956_53,XJ2h-3A8x,L7,l7pe,3,L
std_ro9T-W74x_1731992729753_67,ro9T-W74x,L8,l8pe,4,L
std_Vs4j-VH7r_1731992290625_42,Vs4j-VH7r,L3,l3pe,4,L
std_KFZN-2DyT_1731992644931_61,KFZN-2DyT,L8,l8pe,4,L
std_YrD9-LJM3_1731992062504_30,YrD9-LJM3,L2,l2pe,4,L
std_Gjoq-UgAE_1731992523778_56,Gjoq-UgAE,L7,l7pe,3,L
std_uER2-EVz8_1731992563020_58,uER2-EVz8,L8,l8pe,4,L
std_xwTF-MrpD_1731992166542_35,xwTF-MrpD,L2,l2pe,4,L
std_Q4Lz-nmwW_1731991668627_8,Q4Lz-nmwW,L1,l1pe,3,L
std_h7tM-9g2b_1731992083159_32,h7tM-9g2b,L2,l2pe,4,L
std_gzHb-9gq8_1731991881065_20,gzHb-9gq8,L1,l1pe,3,L
std_dD6z-7bwp_1731991961268_24,dD6z-7bwp,L2,l2pe,4,L
std_xbu8-zUfL_1731992003429_27,xbu8-zUfL,L2,l2pe,4,L
std_VG3K-RN3c_1731992080098_31,VG3K-RN3c,L2,l2pe,4,L
std_Vs4j-VH7r_1731992288277_42,Vs4j-VH7r,L3,l3pe,4,L
std_FNo7-asyb_1731992365674_46,FNo7-asyb,L7,l7pe,3,L
std_PQRY-Gqnd_1731992910806_77,PQRY-Gqnd,L9,l9pe,3,L
std_BN3H-uvY7_1731991883135_21,BN3H-uvY7,L1,l1pe,3,L
std_UN4e-9Bob_1731991922330_23,UN4e-9Bob,L2,l2pe,4,L
std_xt9M-2Bsv_1731991712365_10,xt9M-2Bsv,L1,l1pe,3,L
std_M7Cq-L3z3_1731992763516_69,M7Cq-L3z3,L9,l9pe,3,L
std_Eh98-rH6Z_1731992628198_60,Eh98-rH6Z,L8,l8pe,4,L
std_diKj-ni8G_1731992427871_50,diKj-ni8G,L7,l7pe,3,L
std_PQRY-Gqnd_1731992907234_77,PQRY-Gqnd,L9,l9pe,3,L
std_WV98-F7c2_1731991871847_19,WV98-F7c2,L1,l1pe,3,L
std_PQRY-Gqnd_1731992913714_77,PQRY-Gqnd,L9,l9pe,3,L
std_t2L2-usug_1731992782088_70,t2L2-usug,L9,l9pe,3,L
std_gzHb-9gq8_1731991879255_20,gzHb-9gq8,L1,l1pe,3,L
std_uER2-EVz8_1731992561514_58,uER2-EVz8,L8,l8pe,4,L
std_ro9T-W74x_1731992731426_67,ro9T-W74x,L8,l8pe,4,L
std_h7tM-9g2b_1731992079166_32,h7tM-9g2b,L2,l2pe,4,L
std_MaGe-8397_1731992679158_64,MaGe-8397,L8,l8pe,4,L
std_b63x-4u26_1731992770240_68,b63x-4u26,L9,l9pe,3,L
std_moGH-LPMo_1731992407334_49,moGH-LPMo,L7,l7pe,3,L
std_tUfk-DEh8_1731992108987_33,tUfk-DEh8,L2,l2pe,4,L
std_hLgR-WK2d_1731992846802_72,hLgR-WK2d,L9,l9pe,3,L
std_diKj-ni8G_1731992433805_50,diKj-ni8G,L7,l7pe,3,L
std_ChvD-cUEN_1731992197874_37,ChvD-cUEN,L2,l2pe,4,L
std_tUfk-DEh8_1731992107055_33,tUfk-DEh8,L2,l2pe,4,L
std_cE79-ui3c_1731991725406_11,cE79-ui3c,L1,l1pe,3,L
std_MR6U-tmeT_1731991731641_12,MR6U-tmeT,L1,l1pe,3,L
std_naZK-xh73_1731992177799_36,naZK-xh73,L2,l2pe,4,L
std_s4K9-62yU_1731992226876_40,s4K9-62yU,L3,l3pe,4,L
std_Zf6z-Q28r_1731992882720_75,Zf6z-Q28r,L9,l9pe,3,L
std_xbu8-zUfL_1731992001357_27,xbu8-zUfL,L2,l2pe,4,L
std_pEy6-Xb3i_1731992238482_39,pEy6-Xb3i,L3,l3pe,4,L
std_WV98-F7c2_1731991867871_19,WV98-F7c2,L1,l1pe,3,L
std_KFZN-2DyT_1731992642612_61,KFZN-2DyT,L8,l8pe,4,L
std_JGFN-2rQd_1731992657012_62,JGFN-2rQd,L8,l8pe,4,L
std_Vfh4-UbAg_1731991773306_14,Vfh4-UbAg,L1,l1pe,3,L
std_uER2-EVz8_1731992567207_58,uER2-EVz8,L8,l8pe,4,L
std_yPLs-j789_1731992381172_48,yPLs-j789,L7,l7pe,3,L
std_fWDo-kc3v_1731992836885_73,fWDo-kc3v,L9,l9pe,3,L
std_ChvD-cUEN_1731992200142_37,ChvD-cUEN,L2,l2pe,4,L
std_XJ2h-3A8x_1731992470101_53,XJ2h-3A8x,L7,l7pe,3,L
std_FNo7-asyb_1731992363958_46,FNo7-asyb,L7,l7pe,3,L
std_naZK-xh73_1731992175712_36,naZK-xh73,L2,l2pe,4,L
std_ro9T-W74x_1731992727868_67,ro9T-W74x,L8,l8pe,4,L
std_Yy4t-Qo6k_1731992676748_63,Yy4t-Qo6k,L8,l8pe,4,L
std_s4K9-62yU_1731992228564_40,s4K9-62yU,L3,l3pe,4,L
std_Vfh4-UbAg_1731991777433_14,Vfh4-UbAg,L1,l1pe,3,L
std_WV98-F7c2_1731991869466_19,WV98-F7c2,L1,l1pe,3,L
std_t2L2-usug_1731992786506_70,t2L2-usug,L9,l9pe,3,L
std_MR6U-tmeT_1731991737883_12,MR6U-tmeT,L1,l1pe,3,L
std_diKj-ni8G_1731992431870_50,diKj-ni8G,L7,l7pe,3,L
std_dD6z-7bwp_1731991967808_24,dD6z-7bwp,L2,l2pe,4,L
std_FNo7-asyb_1731992362350_46,FNo7-asyb,L7,l7pe,3,L
std_naZK-xh73_1731992172294_36,naZK-xh73,L2,l2pe,4,L
std_i76g-nExk_1731992566474_57,i76g-nExk,L7,l7pe,3,L
std_xt9M-2Bsv_1731991710047_10,xt9M-2Bsv,L1,l1pe,3,L
std_FNo7-asyb_1731992360445_46,FNo7-asyb,L7,l7pe,3,L
std_b63x-4u26_1731992766111_68,b63x-4u26,L9,l9pe,3,L
std_es47-TX9u_1731992685922_65,es47-TX9u,L8,l8pe,4,L
std_moGH-LPMo_1731992409019_49,moGH-LPMo,L7,l7pe,3,L
std_naZK-xh73_1731992174240_36,naZK-xh73,L2,l2pe,4,L
std_Gjoq-UgAE_1731992530004_56,Gjoq-UgAE,L7,l7pe,3,L
std_dD6z-7bwp_1731991963533_24,dD6z-7bwp,L2,l2pe,4,L
std_g4rU-GxAr_1731992826055_71,g4rU-GxAr,L9,l9pe,3,L
std_xbu8-zUfL_1731992007159_27,xbu8-zUfL,L2,l2pe,4,L
std_dvNB-2N2A_1731992873299_74,dvNB-2N2A,L9,l9pe,3,L
std_fWDo-kc3v_1731992835388_73,fWDo-kc3v,L9,l9pe,3,L
std_i76g-nExk_1731992568307_57,i76g-nExk,L7,l7pe,3,L
std_YrD9-LJM3_1731992061113_30,YrD9-LJM3,L2,l2pe,4,L
std_Eh98-rH6Z_1731992633431_60,Eh98-rH6Z,L8,l8pe,4,L
std_gzHb-9gq8_1731991877645_20,gzHb-9gq8,L1,l1pe,3,L
std_dxK3-qpur_1731991846046_18,dxK3-qpur,L1,l1pe,3,L
std_KFZN-2DyT_1731992647137_61,KFZN-2DyT,L8,l8pe,4,L
std_t2L2-usug_1731992779816_70,t2L2-usug,L9,l9pe,3,L
std_BN3H-uvY7_1731991889457_21,BN3H-uvY7,L1,l1pe,3,L
std_ChvD-cUEN_1731992195699_37,ChvD-cUEN,L2,l2pe,4,L
std_b63x-4u26_1731992768080_68,b63x-4u26,L9,l9pe,3,L
std_pEy6-Xb3i_1731992234837_39,pEy6-Xb3i,L3,l3pe,4,L
std_zVjG-4E64_1731991743069_13,zVjG-4E64,L1,l1pe,3,L
std_ChvD-cUEN_1731992201712_37,ChvD-cUEN,L2,l2pe,4,L
std_YrD9-LJM3_1731992057062_30,YrD9-LJM3,L2,l2pe,4,L
std_g4rU-GxAr_1731992822153_71,g4rU-GxAr,L9,l9pe,3,L
std_VG3K-RN3c_1731992086270_31,VG3K-RN3c,L2,l2pe,4,L
std_ghc6-vb8U_1731992381650_47,ghc6-vb8U,L7,l7pe,3,L
std_Eh98-rH6Z_1731992631567_60,Eh98-rH6Z,L8,l8pe,4,L
std_i76g-nExk_1731992572149_57,i76g-nExk,L7,l7pe,3,L
std_JGFN-2rQd_1731992655290_62,JGFN-2rQd,L8,l8pe,4,L
std_pEy6-Xb3i_1731992240815_39,pEy6-Xb3i,L3,l3pe,4,L
std_yPLs-j789_1731992383251_48,yPLs-j789,L7,l7pe,3,L
std_ghc6-vb8U_1731992387879_47,ghc6-vb8U,L7,l7pe,3,L
std_zVjG-4E64_1731991739275_13,zVjG-4E64,L1,l1pe,3,L
std_moGH-LPMo_1731992405538_49,moGH-LPMo,L7,l7pe,3,L
std_g4rU-GxAr_1731992827694_71,g4rU-GxAr,L9,l9pe,3,L
std_xwTF-MrpD_1731992167944_35,xwTF-MrpD,L2,l2pe,4,L
std_fWDo-kc3v_1731992840890_73,fWDo-kc3v,L9,l9pe,3,L
std_s4K9-62yU_1731992223942_40,s4K9-62yU,L3,l3pe,4,L
std_Gjoq-UgAE_1731992525330_56,Gjoq-UgAE,L7,l7pe,3,L
std_diKj-ni8G_1731992430022_50,diKj-ni8G,L7,l7pe,3,L
std_hLgR-WK2d_1731992845225_72,hLgR-WK2d,L9,l9pe,3,L
std_xt9M-2Bsv_1731991713767_10,xt9M-2Bsv,L1,l1pe,3,L
std_NX7w-dLok_1731992327486_44,NX7w-dLok,L7,l7pe,3,L
std_xbu8-zUfL_1731992005360_27,xbu8-zUfL,L2,l2pe,4,L
std_M7Cq-L3z3_1731992758608_69,M7Cq-L3z3,L9,l9pe,3,L
std_dxK3-qpur_1731991840455_18,dxK3-qpur,L1,l1pe,3,L
std_zVjG-4E64_1731991744579_13,zVjG-4E64,L1,l1pe,3,L
std_xwTF-MrpD_1731992164743_35,xwTF-MrpD,L2,l2pe,4,L
std_hLgR-WK2d_1731992841613_72,hLgR-WK2d,L9,l9pe,3,L
std_t2L2-usug_1731992784114_70,t2L2-usug,L9,l9pe,3,L
std_cE79-ui3c_1731991727693_11,cE79-ui3c,L1,l1pe,3,L
std_tUfk-DEh8_1731992105333_33,tUfk-DEh8,L2,l2pe,4,L
std_Q4Lz-nmwW_1731991674230_8,Q4Lz-nmwW,L1,l1pe,3,L
std_h7tM-9g2b_1731992084562_32,h7tM-9g2b,L2,l2pe,4,L
std_cE79-ui3c_1731991730025_11,cE79-ui3c,L1,l1pe,3,L
std_xwTF-MrpD_1731992162761_35,xwTF-MrpD,L2,l2pe,4,L
std_i76g-nExk_1731992569933_57,i76g-nExk,L7,l7pe,3,L
std_pEy6-Xb3i_1731992236422_39,pEy6-Xb3i,L3,l3pe,4,L
std_ZV3G-J7v3_1731992883096_76,ZV3G-J7v3,L9,l9pe,3,L
std_dxK3-qpur_1731991842208_18,dxK3-qpur,L1,l1pe,3,L
std_ro9T-W74x_1731992733367_67,ro9T-W74x,L8,l8pe,4,L
std_Eh98-rH6Z_1731992629704_60,Eh98-rH6Z,L8,l8pe,4,L
std_moGH-LPMo_1731992410493_49,moGH-LPMo,L7,l7pe,3,L
std_zVjG-4E64_1731991741080_13,zVjG-4E64,L1,l1pe,3,L
std_ghc6-vb8U_1731992383933_47,ghc6-vb8U,L7,l7pe,3,L
std_Zf6z-Q28r_1731992884631_75,Zf6z-Q28r,L9,l9pe,3,L
std_MaGe-8397_1731992681295_64,MaGe-8397,L8,l8pe,4,L
std_MR6U-tmeT_1731991733871_12,MR6U-tmeT,L1,l1pe,3,L
std_MaGe-8397_1731992677086_64,MaGe-8397,L8,l8pe,4,L
std_MaGe-8397_1731992683624_64,MaGe-8397,L8,l8pe,4,L
std_Zf6z-Q28r_1731992888338_75,Zf6z-Q28r,L9,l9pe,3,L
std_VG3K-RN3c_1731992084643_31,VG3K-RN3c,L2,l2pe,4,L
std_gzHb-9gq8_1731991875668_20,gzHb-9gq8,L1,l1pe,3,L
std_VG3K-RN3c_1731992082327_31,VG3K-RN3c,L2,l2pe,4,L
std_BN3H-uvY7_1731991885420_21,BN3H-uvY7,L1,l1pe,3,L
std_hLgR-WK2d_1731992843258_72,hLgR-WK2d,L9,l9pe,3,L
std_Yy4t-Qo6k_1731992671290_63,Yy4t-Qo6k,L8,l8pe,4,L
std_ghc6-vb8U_1731992385961_47,ghc6-vb8U,L7,l7pe,3,L
std_uER2-EVz8_1731992564976_58,uER2-EVz8,L8,l8pe,4,L
std_Yy4t-Qo6k_1731992672783_63,Yy4t-Qo6k,L8,l8pe,4,L
std_Eh98-rH6Z_1731992635804_60,Eh98-rH6Z,L8,l8pe,4,L
std_Q4Lz-nmwW_1731991676061_8,Q4Lz-nmwW,L1,l1pe,3,L
std_VG3K-RN3c_1731992087853_31,VG3K-RN3c,L2,l2pe,4,L
std_zVjG-4E64_1731991746208_13,zVjG-4E64,L1,l1pe,3,L
std_yPLs-j789_1731992385293_48,yPLs-j789,L7,l7pe,3,L
std_XJ2h-3A8x_1731992476097_53,XJ2h-3A8x,L7,l7pe,3,L
std_t2L2-usug_1731992789126_70,t2L2-usug,L9,l9pe,3,L
std_Yy4t-Qo6k_1731992678770_63,Yy4t-Qo6k,L8,l8pe,4,L
std_ghc6-vb8U_1731992390011_47,ghc6-vb8U,L7,l7pe,3,L
std_ZV3G-J7v3_1731992890891_76,ZV3G-J7v3,L9,l9pe,3,L
std_yFMF-h2LN_1732084853368_98,yFMF-h2LN,M5,m5pe,4,M
std_yFMF-h2LN_1732084848330_98,yFMF-h2LN,M5,m5pe,4,M
std_yFMF-h2LN_1732084846063_98,yFMF-h2LN,M5,m5pe,4,M
std_yFMF-h2LN_1732084844239_98,yFMF-h2LN,M5,m5pe,4,M
std_wH8W-vdF3_1732084781623_94,wH8W-vdF3,M5,m5pe,4,M
std_wH8W-vdF3_1732084779384_94,wH8W-vdF3,M5,m5pe,4,M
std_wH8W-vdF3_1732084777577_94,wH8W-vdF3,M5,m5pe,4,M
std_wH8W-vdF3_1732084775797_94,wH8W-vdF3,M5,m5pe,4,M
std_rXTa-xyKM_1732084750818_93,rXTa-xyKM,M4,m4pe,4,M
std_rXTa-xyKM_1732084748950_93,rXTa-xyKM,M4,m4pe,4,M
std_rXTa-xyKM_1732084747197_93,rXTa-xyKM,M4,m4pe,4,M
std_rXTa-xyKM_1732084742513_93,rXTa-xyKM,M4,m4pe,4,M
std_RxEb-g29w_1732084482627_80,RxEb-g29w,M1,m1pe,4,M
std_RxEb-g29w_1732084480369_80,RxEb-g29w,M1,m1pe,4,M
std_RxEb-g29w_1732084478156_80,RxEb-g29w,M1,m1pe,4,M
std_RxEb-g29w_1732084476111_80,RxEb-g29w,M1,m1pe,4,M
std_QG46-7wte_1732084621582_87,QG46-7wte,M3,m3pe,4,M
std_QG46-7wte_1732084620074_87,QG46-7wte,M3,m3pe,4,M
std_QG46-7wte_1732084618233_87,QG46-7wte,M3,m3pe,4,M
std_QG46-7wte_1732084616472_87,QG46-7wte,M3,m3pe,4,M
std_P7H2-d4Bd_1732084613047_86,P7H2-d4Bd,M3,m3pe,4,M
std_P7H2-d4Bd_1732084611405_86,P7H2-d4Bd,M3,m3pe,4,M
std_P7H2-d4Bd_1732084609352_86,P7H2-d4Bd,M3,m3pe,4,M
std_P7H2-d4Bd_1732084607824_86,P7H2-d4Bd,M3,m3pe,4,M
std_o9Eg-i4kt_1732084474317_79,o9Eg-i4kt,M1,m1pe,4,M
std_o9Eg-i4kt_1732084472164_79,o9Eg-i4kt,M1,m1pe,4,M
std_o9Eg-i4kt_1732084470569_79,o9Eg-i4kt,M1,m1pe,4,M
std_o9Eg-i4kt_1732084468855_79,o9Eg-i4kt,M1,m1pe,4,M
std_ns8U-Qex8_1732084531244_83,ns8U-Qex8,M2,m2pe,4,M
std_ns8U-Qex8_1732084529589_83,ns8U-Qex8,M2,m2pe,4,M
std_ns8U-Qex8_1732084527435_83,ns8U-Qex8,M2,m2pe,4,M
std_ns8U-Qex8_1732084525337_83,ns8U-Qex8,M2,m2pe,4,M
std_n2uf-6U68_1732084822205_96,n2uf-6U68,M5,m5pe,4,M
std_n2uf-6U68_1732084820338_96,n2uf-6U68,M5,m5pe,4,M
std_n2uf-6U68_1732084816556_96,n2uf-6U68,M5,m5pe,4,M
std_n2uf-6U68_1732084814282_96,n2uf-6U68,M5,m5pe,4,M
std_L3Qe-JL9E_1732084886318_99,L3Qe-JL9E,M5,m5pe,4,M
std_L3Qe-JL9E_1732084882263_99,L3Qe-JL9E,M5,m5pe,4,M
std_L3Qe-JL9E_1732084879942_99,L3Qe-JL9E,M5,m5pe,4,M
std_L3Qe-JL9E_1732084877701_99,L3Qe-JL9E,M5,m5pe,4,M
std_KqLB-mHbz_1732084898396_100,KqLB-mHbz,M5,m5pe,4,M
std_KqLB-mHbz_1732084896662_100,KqLB-mHbz,M5,m5pe,4,M
std_KqLB-mHbz_1732084894964_100,KqLB-mHbz,M5,m5pe,4,M
std_KqLB-mHbz_1732084893403_100,KqLB-mHbz,M5,m5pe,4,M
std_k86E-y8KA_1732084568486_84,k86E-y8KA,M2,m2pe,4,M
std_k86E-y8KA_1732084566382_84,k86E-y8KA,M2,m2pe,4,M
std_k86E-y8KA_1732084564646_84,k86E-y8KA,M2,m2pe,4,M
std_k86E-y8KA_1732084562523_84,k86E-y8KA,M2,m2pe,4,M
std_hB62-TBCd_1732084827379_97,hB62-TBCd,M5,m5pe,4,M
std_hB62-TBCd_1732084825659_97,hB62-TBCd,M5,m5pe,4,M
std_hB62-TBCd_1732084823530_97,hB62-TBCd,M5,m5pe,4,M
std_hB62-TBCd_1732084821558_97,hB62-TBCd,M5,m5pe,4,M
std_EK7B-Ce67_1732084450727_78,EK7B-Ce67,M1,m1pe,4,M
std_EK7B-Ce67_1732084449087_78,EK7B-Ce67,M1,m1pe,4,M
std_EK7B-Ce67_1732084447620_78,EK7B-Ce67,M1,m1pe,4,M
std_EK7B-Ce67_1732084445739_78,EK7B-Ce67,M1,m1pe,4,M
std_DTGQ-usL2_1732084737272_92,DTGQ-usL2,M4,m4pe,4,M
std_DTGQ-usL2_1732084733081_92,DTGQ-usL2,M4,m4pe,4,M
std_DTGQ-usL2_1732084731309_92,DTGQ-usL2,M4,m4pe,4,M
std_DTGQ-usL2_1732084729165_92,DTGQ-usL2,M4,m4pe,4,M
std_b6vP-6ded_1732084779462_95,b6vP-6ded,M5,m5pe,4,M
std_b6vP-6ded_1732084777280_95,b6vP-6ded,M5,m5pe,4,M
std_b6vP-6ded_1732084775061_95,b6vP-6ded,M5,m5pe,4,M
std_b6vP-6ded_1732084773087_95,b6vP-6ded,M5,m5pe,4,M
std_7zNa-i9Kv_1732084665143_89,7zNa-i9Kv,M3,m3pe,4,M
std_7zNa-i9Kv_1732084663073_89,7zNa-i9Kv,M3,m3pe,4,M
std_7zNa-i9Kv_1732084661032_89,7zNa-i9Kv,M3,m3pe,4,M
std_7zNa-i9Kv_1732084658659_89,7zNa-i9Kv,M3,m3pe,4,M
std_78LH-Mb7x_1732084587351_85,78LH-Mb7x,M3,m3pe,4,M
std_78LH-Mb7x_1732084585199_85,78LH-Mb7x,M3,m3pe,4,M
std_78LH-Mb7x_1732084582955_85,78LH-Mb7x,M3,m3pe,4,M
std_78LH-Mb7x_1732084581021_85,78LH-Mb7x,M3,m3pe,4,M
std_7497-t76h_1732084489672_81,7497-t76h,M2,m2pe,4,M
std_7497-t76h_1732084487412_81,7497-t76h,M2,m2pe,4,M
std_7497-t76h_1732084485511_81,7497-t76h,M2,m2pe,4,M
std_7497-t76h_1732084483256_81,7497-t76h,M2,m2pe,4,M
std_6R3h-e6wh_1732084696028_90,6R3h-e6wh,M3,m3pe,4,M
std_6R3h-e6wh_1732084694599_90,6R3h-e6wh,M3,m3pe,4,M
std_6R3h-e6wh_1732084692337_90,6R3h-e6wh,M3,m3pe,4,M
std_6R3h-e6wh_1732084690780_90,6R3h-e6wh,M3,m3pe,4,M
std_48cX-7sQ3_1732084528260_82,48cX-7sQ3,M2,m2pe,4,M
std_48cX-7sQ3_1732084526418_82,48cX-7sQ3,M2,m2pe,4,M
std_48cX-7sQ3_1732084524807_82,48cX-7sQ3,M2,m2pe,4,M
std_48cX-7sQ3_1732084523317_82,48cX-7sQ3,M2,m2pe,4,M
std_36ba-Q6g3_1732084648968_88,36ba-Q6g3,M3,m3pe,4,M
std_36ba-Q6g3_1732084647349_88,36ba-Q6g3,M3,m3pe,4,M
std_36ba-Q6g3_1732084645433_88,36ba-Q6g3,M3,m3pe,4,M
std_36ba-Q6g3_1732084643243_88,36ba-Q6g3,M3,m3pe,4,M
std_242p-CbMk_1732084717800_91,242p-CbMk,M4,m4pe,4,M
std_242p-CbMk_1732084715787_91,242p-CbMk,M4,m4pe,4,M
std_242p-CbMk_1732084713988_91,242p-CbMk,M4,m4pe,4,M
std_242p-CbMk_1732084710653_91,242p-CbMk,M4,m4pe,4,M
std_vdGA-Vfpk_1731993177518_91,vdGA-Vfpk,M4,m4pe,4,M
std_Lo2c-bT8E_1731992966035_80,Lo2c-bT8E,M1,m1pe,4,M
std_FE7C-sRUR_1731993333148_100,FE7C-sRUR,M5,m5pe,4,M
std_Lo2c-bT8E_1731992969283_80,Lo2c-bT8E,M1,m1pe,4,M
std_t4T3-z73k_1731993091969_86,t4T3-z73k,M3,m3pe,4,M
std_G4Z6-u7qT_1731992995682_82,G4Z6-u7qT,M2,m2pe,4,M
std_t4T3-z73k_1731993095569_86,t4T3-z73k,M3,m3pe,4,M
std_q9T6-3fMd_1731993293692_97,q9T6-3fMd,M5,m5pe,4,M
std_YbJC-8sar_1731992993310_81,YbJC-8sar,M2,m2pe,4,M
std_t4T3-z73k_1731993090035_86,t4T3-z73k,M3,m3pe,4,M
std_V9BQ-8pH6_1731993056748_84,V9BQ-8pH6,M2,m2pe,4,M
std_Lo2c-bT8E_1731992963997_80,Lo2c-bT8E,M1,m1pe,4,M
std_p9oh-eCbx_1731993241654_94,p9oh-eCbx,M5,m5pe,4,M
std_p9oh-eCbx_1731993244002_94,p9oh-eCbx,M5,m5pe,4,M
std_p9oh-eCbx_1731993239795_94,p9oh-eCbx,M5,m5pe,4,M
std_L4LX-gr2x_1731993330213_99,L4LX-gr2x,M5,m5pe,4,M
std_q9T6-3fMd_1731993290150_97,q9T6-3fMd,M5,m5pe,4,M
std_Lo2c-bT8E_1731992967628_80,Lo2c-bT8E,M1,m1pe,4,M
std_o3PW-2FAW_1731993210435_92,o3PW-2FAW,M4,m4pe,4,M
std_L4LX-gr2x_1731993334146_99,L4LX-gr2x,M5,m5pe,4,M
std_j7UP-tW6z_1731993238637_95,j7UP-tW6z,M5,m5pe,4,M
std_j7UP-tW6z_1731993242281_95,j7UP-tW6z,M5,m5pe,4,M
std_vdGA-Vfpk_1731993175708_91,vdGA-Vfpk,M4,m4pe,4,M
std_s2WX-rk6m_1731993282421_96,s2WX-rk6m,M5,m5pe,4,M
std_o3PW-2FAW_1731993208349_92,o3PW-2FAW,M4,m4pe,4,M
std_j7UP-tW6z_1731993240112_95,j7UP-tW6z,M5,m5pe,4,M
std_V9BQ-8pH6_1731993045730_84,V9BQ-8pH6,M2,m2pe,4,M
std_p9oh-eCbx_1731993245803_94,p9oh-eCbx,M5,m5pe,4,M
std_L4LX-gr2x_1731993336286_99,L4LX-gr2x,M5,m5pe,4,M
std_G4Z6-u7qT_1731992998795_82,G4Z6-u7qT,M2,m2pe,4,M
std_s2WX-rk6m_1731993275886_96,s2WX-rk6m,M5,m5pe,4,M
std_s2WX-rk6m_1731993280060_96,s2WX-rk6m,M5,m5pe,4,M
std_YbJC-8sar_1731992990945_81,YbJC-8sar,M2,m2pe,4,M
std_o3PW-2FAW_1731993212196_92,o3PW-2FAW,M4,m4pe,4,M
std_o3PW-2FAW_1731993206695_92,o3PW-2FAW,M4,m4pe,4,M
std_L4LX-gr2x_1731993331965_99,L4LX-gr2x,M5,m5pe,4,M
std_V9BQ-8pH6_1731993047939_84,V9BQ-8pH6,M2,m2pe,4,M
std_FE7C-sRUR_1731993327381_100,FE7C-sRUR,M5,m5pe,4,M
std_G4Z6-u7qT_1731992993332_82,G4Z6-u7qT,M2,m2pe,4,M
std_vdGA-Vfpk_1731993173985_91,vdGA-Vfpk,M4,m4pe,4,M
std_q9T6-3fMd_1731993292157_97,q9T6-3fMd,M5,m5pe,4,M
std_vdGA-Vfpk_1731993172218_91,vdGA-Vfpk,M4,m4pe,4,M
std_t4T3-z73k_1731993093767_86,t4T3-z73k,M3,m3pe,4,M
std_FE7C-sRUR_1731993330805_100,FE7C-sRUR,M5,m5pe,4,M
std_G4Z6-u7qT_1731992997181_82,G4Z6-u7qT,M2,m2pe,4,M
std_V9BQ-8pH6_1731993054367_84,V9BQ-8pH6,M2,m2pe,4,M
std_YbJC-8sar_1731992989263_81,YbJC-8sar,M2,m2pe,4,M
std_j7UP-tW6z_1731993243873_95,j7UP-tW6z,M5,m5pe,4,M
std_s2WX-rk6m_1731993277994_96,s2WX-rk6m,M5,m5pe,4,M
std_YbJC-8sar_1731992994738_81,YbJC-8sar,M2,m2pe,4,M
std_FE7C-sRUR_1731993329315_100,FE7C-sRUR,M5,m5pe,4,M
std_q9T6-3fMd_1731993288425_97,q9T6-3fMd,M5,m5pe,4,M
std_LTI_hNYe-o6xF_1731992199849_2,hNYe-o6xF,H7,h7pe,3,H
std_wPKw-yC8c_1731991714362_7,wPKw-yC8c,H4,h4pe,4,H
std_N4Cv-qMT8_1731991607948_3,N4Cv-qMT8,H1,h1pe,4,H
std_v3F2-zXxX_1731991640923_5,v3F2-zXxX,H2,h2pe,4,H
std_LTI_mbn4-297H_1731992178125_1,mbn4-297H,H5,h5pe,4,H
std_6P92-Jm9h_1731991663095_6,6P92-Jm9h,H3,h3pe,4,H
std_6P92-Jm9h_1731991667647_6,6P92-Jm9h,H3,h3pe,4,H
std_N4Cv-qMT8_1731991611879_3,N4Cv-qMT8,H1,h1pe,4,H
std_v3F2-zXxX_1731991637067_5,v3F2-zXxX,H2,h2pe,4,H
std_v3F2-zXxX_1731991642605_5,v3F2-zXxX,H2,h2pe,4,H
std_N4Cv-qMT8_1731991609450_3,N4Cv-qMT8,H1,h1pe,4,H
std_v3F2-zXxX_1731991638690_5,v3F2-zXxX,H2,h2pe,4,H
std_LTI_hNYe-o6xF_1731992188269_2,hNYe-o6xF,H7,h7pe,3,H
std_LTI_hNYe-o6xF_1731992182834_2,hNYe-o6xF,H7,h7pe,3,H
std_LTI_hNYe-o6xF_1731992193715_2,hNYe-o6xF,H7,h7pe,3,H
std_6P92-Jm9h_1731991664549_6,6P92-Jm9h,H3,h3pe,4,H
std_wPKw-yC8c_1731991712475_7,wPKw-yC8c,H4,h4pe,4,H
std_Htg9-r64T_1731991614726_4,Htg9-r64T,H1,h1pe,4,H
std_LTI_mbn4-297H_1731992170803_1,mbn4-297H,H5,h5pe,4,H
std_Htg9-r64T_1731991613281_4,Htg9-r64T,H1,h1pe,4,H
std_LTI_mbn4-297H_1731992185213_1,mbn4-297H,H5,h5pe,4,H
std_N4Cv-qMT8_1731991606094_3,N4Cv-qMT8,H1,h1pe,4,H
std_wPKw-yC8c_1731991715856_7,wPKw-yC8c,H4,h4pe,4,H
std_LTI_mbn4-297H_1731992163832_1,mbn4-297H,H5,h5pe,4,H
std_wPKw-yC8c_1731991710872_7,wPKw-yC8c,H4,h4pe,4,H
std_Htg9-r64T_1731991611713_4,Htg9-r64T,H1,h1pe,4,H
std_6P92-Jm9h_1731991666054_6,6P92-Jm9h,H3,h3pe,4,H
std_Htg9-r64T_1731991610258_4,Htg9-r64T,H1,h1pe,4,H
std_yR8c-wy67_1732083023190_5,yR8c-wy67,H2,h2pe,4,H
std_yR8c-wy67_1732083021094_5,yR8c-wy67,H2,h2pe,4,H
std_yR8c-wy67_1732083019228_5,yR8c-wy67,H2,h2pe,4,H
std_yR8c-wy67_1732083017388_5,yR8c-wy67,H2,h2pe,4,H
std_w4gC-4QTf_1732082956092_3,w4gC-4QTf,H1,h1pe,4,H
std_w4gC-4QTf_1732082954004_3,w4gC-4QTf,H1,h1pe,4,H
std_w4gC-4QTf_1732082952258_3,w4gC-4QTf,H1,h1pe,4,H
std_w4gC-4QTf_1732082950365_3,w4gC-4QTf,H1,h1pe,4,H
std_LTI_DpiV-aYKF_1732083224297_1,DpiV-aYKF,H5,h5pe,4,H
std_LTI_DpiV-aYKF_1732083217312_1,DpiV-aYKF,H5,h5pe,4,H
std_LTI_DpiV-aYKF_1732083210778_1,DpiV-aYKF,H5,h5pe,4,H
std_LTI_DpiV-aYKF_1732083203354_1,DpiV-aYKF,H5,h5pe,4,H
std_LTI_8z34-AJaY_1732083213880_2,8z34-AJaY,H7,h7pe,3,H
std_LTI_8z34-AJaY_1732083208785_2,8z34-AJaY,H7,h7pe,3,H
std_LTI_8z34-AJaY_1732083203380_2,8z34-AJaY,H7,h7pe,3,H
std_LTI_8z34-AJaY_1732083198061_2,8z34-AJaY,H7,h7pe,3,H
std_D8Az-d4uR_1732083036899_6,D8Az-d4uR,H3,h3pe,4,H
std_D8Az-d4uR_1732083035141_6,D8Az-d4uR,H3,h3pe,4,H
std_D8Az-d4uR_1732083032800_6,D8Az-d4uR,H3,h3pe,4,H
std_D8Az-d4uR_1732083030775_6,D8Az-d4uR,H3,h3pe,4,H
std_aN6q-g236_1732082984602_4,aN6q-g236,H1,h1pe,4,H
std_aN6q-g236_1732082982410_4,aN6q-g236,H1,h1pe,4,H
std_aN6q-g236_1732082980249_4,aN6q-g236,H1,h1pe,4,H
std_aN6q-g236_1732082978369_4,aN6q-g236,H1,h1pe,4,H
std_4p7X-w7VL_1732083096637_7,4p7X-w7VL,H4,h4pe,4,H
std_4p7X-w7VL_1732083094750_7,4p7X-w7VL,H4,h4pe,4,H
std_4p7X-w7VL_1732083092684_7,4p7X-w7VL,H4,h4pe,4,H
std_4p7X-w7VL_1732083088951_7,4p7X-w7VL,H4,h4pe,4,H
std_yR8c-wy67_1732083026541_5,yR8c-wy67,H2,h2pe,4,H
std_yR8c-wy67_1732083024797_5,yR8c-wy67,H2,h2pe,4,H
std_w4gC-4QTf_1732082959128_3,w4gC-4QTf,H1,h1pe,4,H
std_w4gC-4QTf_1732082957560_3,w4gC-4QTf,H1,h1pe,4,H
std_LTI_DpiV-aYKF_1732083237411_1,DpiV-aYKF,H5,h5pe,4,H
std_LTI_DpiV-aYKF_1732083230993_1,DpiV-aYKF,H5,h5pe,4,H
std_LTI_8z34-AJaY_1732083224930_2,8z34-AJaY,H7,h7pe,3,H
std_LTI_8z34-AJaY_1732083218920_2,8z34-AJaY,H7,h7pe,3,H
std_D8Az-d4uR_1732083040858_6,D8Az-d4uR,H3,h3pe,4,H
std_D8Az-d4uR_1732083039288_6,D8Az-d4uR,H3,h3pe,4,H