extuserid,category,category_type,orgid,productcode
std_StdCat2_1720589668306_7_40,StdCat2,H1,perf-test3-alpha,perfprod110
std_StdCat4_1720760658361_28_64,StdCat4,H2,perf-test13-alpha,perfprod6
std_StdCat4_1720592653976_28_147,StdCat4,H2,perf-test13-alpha,perfprod6
std_StdCat4_1720621516161_26_1,StdCat4,H1,perf-test13-alpha,perfprod6
std_StdCat4_1720687939771_24_38,StdCat4,M,perf-test13-alpha,perfprod6
std_StdCat4_1720592085361_24_10,StdCat4,M,perf-test13-alpha,perfprod6
std_StdCat4_1720592227509_25_12,StdCat4,M,perf-test13-alpha,perfprod6
std_StdCat4_1720605431931_26_91,StdCat4,H1,perf-test13-alpha,perfprod6
std_StdCat4_1720605431931_26_93,StdCat4,H1,perf-test13-alpha,perfprod6
std_StdCat4_1720706635192_28_138,StdCat4,H2,perf-test13-alpha,perfprod6
std_StdCat4_1720759805634_22_5,StdCat4,L,perf-test13-alpha,perfprod6
std_StdCat4_1720705782364_22_12,StdCat4,L,perf-test13-alpha,perfprod6
std_StdCat4_1720772902723_21_2,StdCat4,L,perf-test13-alpha,perfprod6
std_StdCat4_1720591943211_23_42,StdCat4,L,perf-test13-alpha,perfprod6
std_StdCat4_1721028276298_22_6,StdCat4,L,perf-test13-alpha,perfprod6
std_StdCat4_1720591658879_21_20,StdCat4,L,perf-test13-alpha,perfprod6
std_StdCat4_1720688508337_28_25,StdCat4,H2,perf-test13-alpha,perfprod6
std_StdCat2_1720601878669_1_26,StdCat2,L,perf-test3-alpha,perfprod110
std_StdCat4_1720715099662_21_7,StdCat4,L,perf-test13-alpha,perfprod6
std_StdCat4_1720688081904_25_30,StdCat4,M,perf-test13-alpha,perfprod6
std_StdCat4_1720605858324_29_98,StdCat4,H2,perf-test13-alpha,perfprod6
std_StdCat4_1720706635192_28_70,StdCat4,H2,perf-test13-alpha,perfprod6
std_StdCat4_1720716094725_28_120,StdCat4,H2,perf-test13-alpha,perfprod6
std_StdCat3_1720603442099_12_29,StdCat3,L,perf-test6-alpha,perfprod109
std_StdCat4_1720706493063_27_74,StdCat4,H1,perf-test13-alpha,perfprod6
std_StdCat2_1720602020802_2_23,StdCat2,L,perf-test3-alpha,perfprod110
std_StdCat4_1720687939771_24_12,StdCat4,M,perf-test13-alpha,perfprod6
std_StdCat4_1720760089871_24_51,StdCat4,M,perf-test13-alpha,perfprod6
std_StdCat4_1720621800418_28_83,StdCat4,H2,perf-test13-alpha,perfprod6
std_StdCat4_1721028134162_21_47,StdCat4,L,perf-test13-alpha,perfprod6
std_StdCat4_1720706777350_29_46,StdCat4,H2,perf-test13-alpha,perfprod6
std_StdCat4_1720688508337_28_6,StdCat4,H2,perf-test13-alpha,perfprod6
std_StdCat2_1720602305053_4_3,StdCat2,L,perf-test3-alpha,perfprod110
std_StdCat4_1720772902723_21_19,StdCat4,L,perf-test13-alpha,perfprod6
std_StdCat4_1720760374126_26_82,StdCat4,H1,perf-test13-alpha,perfprod6
std_StdCat4_1720591943211_23_9,StdCat4,L,perf-test13-alpha,perfprod6
std_StdCat4_1721028986894_27_61,StdCat4,H1,perf-test13-alpha,perfprod6
std_StdCat4_1720715952561_27_82,StdCat4,H1,perf-test13-alpha,perfprod6
std_StdCat4_1720591801037_22_34,StdCat4,L,perf-test13-alpha,perfprod6
std_StdCat4_1720715241819_22_14,StdCat4,L,perf-test13-alpha,perfprod6
std_StdCat4_1720715668255_25_6,StdCat4,M,perf-test13-alpha,perfprod6
std_StdCat4_1720687655496_22_22,StdCat4,L,perf-test13-alpha,perfprod6
std_StdCat4_1720773755569_27_75,StdCat4,H1,perf-test13-alpha,perfprod6
std_StdCat4_1720715241819_22_48,StdCat4,L,perf-test13-alpha,perfprod6
std_StdCat2_1720588815195_1_12,StdCat2,L,perf-test3-alpha,perfprod110
std_StdCat4_1720536566883_23_48,StdCat4,L,perf-test13-alpha,perfprod6
std_StdCat4_1720706493063_27_54,StdCat4,H1,perf-test13-alpha,perfprod6
std_StdCat2_1720589668306_7_58,StdCat2,H1,perf-test3-alpha,perfprod110
std_StdCat4_1720773329137_24_50,StdCat4,M,perf-test13-alpha,perfprod6
std_StdCat4_1720759663507_21_14,StdCat4,L,perf-test13-alpha,perfprod6
std_StdCat3_1720590805751_15_60,StdCat3,M,perf-test6-alpha,perfprod109
std_StdCat4_1720536566883_23_32,StdCat4,L,perf-test13-alpha,perfprod6
std_StdCat4_1720706635192_28_137,StdCat4,H2,perf-test13-alpha,perfprod6
std_StdCat4_1720621942544_29_7,StdCat4,H2,perf-test13-alpha,perfprod6
std_StdCat4_1720536382610_22_47,StdCat4,L,perf-test13-alpha,perfprod6
std_StdCat4_1720687939771_24_48,StdCat4,M,perf-test13-alpha,perfprod6
std_StdCat4_1720605574062_27_100,StdCat4,H1,perf-test13-alpha,perfprod6
std_StdCat4_1720760800493_29_29,StdCat4,H2,perf-test13-alpha,perfprod6
std_StdCat4_1720773613416_26_2,StdCat4,H1,perf-test13-alpha,perfprod6
std_StdCat4_1720715241819_22_40,StdCat4,L,perf-test13-alpha,perfprod6
std_StdCat4_1720591801037_22_12,StdCat4,L,perf-test13-alpha,perfprod6
std_StdCat4_1720706777350_29_125,StdCat4,H2,perf-test13-alpha,perfprod6
std_StdCat4_1720715383961_23_10,StdCat4,L,perf-test13-alpha,perfprod6
std_StdCat4_1720605574062_27_88,StdCat4,H1,perf-test13-alpha,perfprod6
std_StdCat4_1720592796127_29_66,StdCat4,H2,perf-test13-alpha,perfprod6
std_StdCat4_1720688081904_25_70,StdCat4,M,perf-test13-alpha,perfprod6
std_StdCat3_1720603442099_12_7,StdCat3,L,perf-test6-alpha,perfprod109
std_StdCat4_1720605574062_27_15,StdCat4,H1,perf-test13-alpha,perfprod6
std_StdCat4_1720591943211_23_25,StdCat4,L,perf-test13-alpha,perfprod6
std_StdCat4_1720715383961_23_48,StdCat4,L,perf-test13-alpha,perfprod6
std_StdCat4_1720592227509_25_47,StdCat4,M,perf-test13-alpha,perfprod6
std_StdCat4_1720591801037_22_45,StdCat4,L,perf-test13-alpha,perfprod6
std_StdCat4_1720773755569_27_85,StdCat4,H1,perf-test13-alpha,perfprod6
std_StdCat4_1720620805510_21_11,StdCat4,L,perf-test13-alpha,perfprod6
std_StdCat4_1720537303993_27_28,StdCat4,H1,perf-test13-alpha,perfprod6
std_StdCat4_1720688508337_28_139,StdCat4,H2,perf-test13-alpha,perfprod6
std_StdCat4_1720592653976_28_14,StdCat4,H2,perf-test13-alpha,perfprod6
std_StdCat4_1720706493063_27_61,StdCat4,H1,perf-test13-alpha,perfprod6
std_StdCat4_1720621800418_28_15,StdCat4,H2,perf-test13-alpha,perfprod6
std_StdCat2_1720589952674_9_13,StdCat2,H2,perf-test3-alpha,perfprod110
std_StdCat4_1720706350895_26_100,StdCat4,H1,perf-test13-alpha,perfprod6
std_StdCat4_1720705640239_21_50,StdCat4,L,perf-test13-alpha,perfprod6
std_StdCat4_1720621942544_29_66,StdCat4,H2,perf-test13-alpha,perfprod6
std_StdCat4_1720760658361_28_137,StdCat4,H2,perf-test13-alpha,perfprod6
std_StdCat2_1720602020802_2_28,StdCat2,L,perf-test3-alpha,perfprod110
std_StdCat4_1720536382610_22_15,StdCat4,L,perf-test13-alpha,perfprod6
std_StdCat4_1720759805634_22_14,StdCat4,L,perf-test13-alpha,perfprod6
std_StdCat4_1720773329137_24_67,StdCat4,M,perf-test13-alpha,perfprod6
std_StdCat2_1720589952674_9_19,StdCat2,H2,perf-test3-alpha,perfprod110
std_StdCat4_1721028986894_27_58,StdCat4,H1,perf-test13-alpha,perfprod6
std_StdCat4_1720715383961_23_41,StdCat4,L,perf-test13-alpha,perfprod6
std_StdCat4_1720592796127_29_94,StdCat4,H2,perf-test13-alpha,perfprod6
std_StdCat4_1721028844766_26_19,StdCat4,H1,perf-test13-alpha,perfprod6
std_StdCat4_1720760800493_29_15,StdCat4,H2,perf-test13-alpha,perfprod6
std_StdCat4_1720592653976_28_115,StdCat4,H2,perf-test13-alpha,perfprod6
std_StdCat2_1720589668306_7_1,StdCat2,H1,perf-test3-alpha,perfprod110
std_StdCat4_1720715952561_27_48,StdCat4,H1,perf-test13-alpha,perfprod6
std_StdCat4_1720621089766_23_49,StdCat4,L,perf-test13-alpha,perfprod6
std_StdCat4_1720760658361_28_34,StdCat4,H2,perf-test13-alpha,perfprod6
std_StdCat4_1720591943211_23_10,StdCat4,L,perf-test13-alpha,perfprod6
std_StdCat4_1720760800493_29_7,StdCat4,H2,perf-test13-alpha,perfprod6
std_StdCat4_1720688366178_27_99,StdCat4,H1,perf-test13-alpha,perfprod6
std_StdCat4_1720773329137_24_43,StdCat4,M,perf-test13-alpha,perfprod6
std_StdCat2_1720589668306_7_60,StdCat2,H1,perf-test3-alpha,perfprod110
std_StdCat4_1720715810404_26_13,StdCat4,H1,perf-test13-alpha,perfprod6
std_StdCat4_1720706635192_28_11,StdCat4,H2,perf-test13-alpha,perfprod6
std_StdCat4_1720592653976_28_36,StdCat4,H2,perf-test13-alpha,perfprod6
std_StdCat4_1720592227509_25_56,StdCat4,M,perf-test13-alpha,perfprod6
std_StdCat3_1720590805751_15_70,StdCat3,M,perf-test6-alpha,perfprod109
std_StdCat4_1720592227509_25_60,StdCat4,M,perf-test13-alpha,perfprod6
std_StdCat4_1720688508337_28_69,StdCat4,H2,perf-test13-alpha,perfprod6
std_StdCat4_1720706066635_24_44,StdCat4,M,perf-test13-alpha,perfprod6
std_StdCat4_1720759663507_21_30,StdCat4,L,perf-test13-alpha,perfprod6
std_StdCat4_1720537119703_26_77,StdCat4,H1,perf-test13-alpha,perfprod6
std_StdCat4_1720687655496_22_48,StdCat4,L,perf-test13-alpha,perfprod6
std_StdCat4_1720621800418_28_113,StdCat4,H2,perf-test13-alpha,perfprod6
std_StdCat4_1720605147676_24_20,StdCat4,M,perf-test13-alpha,perfprod6
std_StdCat4_1720688081904_25_25,StdCat4,M,perf-test13-alpha,perfprod6
std_StdCat4_1720687797636_23_21,StdCat4,L,perf-test13-alpha,perfprod6
std_StdCat4_1720706208765_25_49,StdCat4,M,perf-test13-alpha,perfprod6
std_StdCat2_1720589526140_6_40,StdCat2,M,perf-test3-alpha,perfprod110
std_StdCat4_1720621231901_24_38,StdCat4,M,perf-test13-alpha,perfprod6
std_StdCat3_1720603584234_13_44,StdCat3,L,perf-test6-alpha,perfprod109
std_StdCat2_1720589241780_4_25,StdCat2,L,perf-test3-alpha,perfprod110
std_StdCat4_1720715383961_23_2,StdCat4,L,perf-test13-alpha,perfprod6
std_StdCat4_1720715526107_24_58,StdCat4,M,perf-test13-alpha,perfprod6
std_StdCat4_1720688366178_27_49,StdCat4,H1,perf-test13-alpha,perfprod6
std_StdCat3_1720591374521_19_1,StdCat3,H2,perf-test6-alpha,perfprod109
std_StdCat4_1720706635192_28_123,StdCat4,H2,perf-test13-alpha,perfprod6
std_StdCat4_1720592369672_26_16,StdCat4,H1,perf-test13-alpha,perfprod6
std_StdCat4_1720706208765_25_37,StdCat4,M,perf-test13-alpha,perfprod6
std_StdCat4_1720621800418_28_79,StdCat4,H2,perf-test13-alpha,perfprod6
std_StdCat4_1721028134162_21_29,StdCat4,L,perf-test13-alpha,perfprod6
std_StdCat4_1720715526107_24_4,StdCat4,M,perf-test13-alpha,perfprod6
std_StdCat3_1720590805751_15_34,StdCat3,M,perf-test6-alpha,perfprod109
std_StdCat4_1721028844766_26_80,StdCat4,H1,perf-test13-alpha,perfprod6
std_StdCat4_1720621942544_29_60,StdCat4,H2,perf-test13-alpha,perfprod6
std_StdCat4_1720688650462_29_70,StdCat4,H2,perf-test13-alpha,perfprod6
std_StdCat4_1720715952561_27_2,StdCat4,H1,perf-test13-alpha,perfprod6
std_StdCat3_1720603584234_13_24,StdCat3,L,perf-test6-alpha,perfprod109
std_StdCat4_1720536751154_24_53,StdCat4,M,perf-test13-alpha,perfprod6
std_StdCat4_1720621800418_28_42,StdCat4,H2,perf-test13-alpha,perfprod6
std_StdCat4_1720687655496_22_37,StdCat4,L,perf-test13-alpha,perfprod6
std_StdCat4_1720772902723_21_9,StdCat4,L,perf-test13-alpha,perfprod6
std_StdCat4_1720760800493_29_11,StdCat4,H2,perf-test13-alpha,perfprod6
std_StdCat4_1720537303993_27_66,StdCat4,H1,perf-test13-alpha,perfprod6
std_StdCat4_1720688508337_28_113,StdCat4,H2,perf-test13-alpha,perfprod6
std_StdCat3_1720590663528_14_5,StdCat3,L,perf-test6-alpha,perfprod109
std_StdCat3_1720590805751_15_2,StdCat3,M,perf-test6-alpha,perfprod109
std_StdCat4_1720760232000_25_66,StdCat4,M,perf-test13-alpha,perfprod6
std_StdCat4_1720715810404_26_87,StdCat4,H1,perf-test13-alpha,perfprod6
std_StdCat3_1720591090103_17_15,StdCat3,H1,perf-test6-alpha,perfprod109
std_StdCat4_1720605574062_27_36,StdCat4,H1,perf-test13-alpha,perfprod6
std_StdCat4_1720592796127_29_80,StdCat4,H2,perf-test13-alpha,perfprod6
std_StdCat4_1720716236878_29_102,StdCat4,H2,perf-test13-alpha,perfprod6
std_StdCat4_1720773471282_25_48,StdCat4,M,perf-test13-alpha,perfprod6
std_StdCat4_1720605574062_27_92,StdCat4,H1,perf-test13-alpha,perfprod6
std_StdCat4_1720772902723_21_15,StdCat4,L,perf-test13-alpha,perfprod6
std_StdCat4_1720706777350_29_135,StdCat4,H2,perf-test13-alpha,perfprod6
std_StdCat4_1720592796127_29_8,StdCat4,H2,perf-test13-alpha,perfprod6
std_StdCat2_1720589241780_4_11,StdCat2,L,perf-test3-alpha,perfprod110
std_StdCat4_1720688650462_29_53,StdCat4,H2,perf-test13-alpha,perfprod6
std_StdCat4_1720592653976_28_17,StdCat4,H2,perf-test13-alpha,perfprod6
std_StdCat4_1720688650462_29_118,StdCat4,H2,perf-test13-alpha,perfprod6
std_StdCat2_1720589668306_7_8,StdCat2,H1,perf-test3-alpha,perfprod110
std_StdCat4_1720715383961_23_27,StdCat4,L,perf-test13-alpha,perfprod6
std_StdCat4_1720536935422_25_5,StdCat4,M,perf-test13-alpha,perfprod6
std_StdCat4_1720687939771_24_43,StdCat4,M,perf-test13-alpha,perfprod6
std_StdCat4_1720773471282_25_60,StdCat4,M,perf-test13-alpha,perfprod6
std_StdCat4_1720605147676_24_69,StdCat4,M,perf-test13-alpha,perfprod6
std_StdCat4_1720605289793_25_43,StdCat4,M,perf-test13-alpha,perfprod6
std_StdCat4_1720688366178_27_91,StdCat4,H1,perf-test13-alpha,perfprod6
std_StdCat4_1720621800418_28_5,StdCat4,H2,perf-test13-alpha,perfprod6
std_StdCat4_1720715668255_25_39,StdCat4,M,perf-test13-alpha,perfprod6
std_StdCat4_1720621374035_25_56,StdCat4,M,perf-test13-alpha,perfprod6
std_StdCat4_1720773613416_26_75,StdCat4,H1,perf-test13-alpha,perfprod6
std_StdCat4_1720621374035_25_32,StdCat4,M,perf-test13-alpha,perfprod6
std_StdCat4_1720621231901_24_68,StdCat4,M,perf-test13-alpha,perfprod6
std_StdCat4_1720605716187_28_144,StdCat4,H2,perf-test13-alpha,perfprod6
std_StdCat4_1720760658361_28_81,StdCat4,H2,perf-test13-alpha,perfprod6
std_StdCat4_1720537303993_27_8,StdCat4,H1,perf-test13-alpha,perfprod6
std_StdCat3_1720603299969_11_3,StdCat3,L,perf-test6-alpha,perfprod109
std_StdCat4_1720592511825_27_64,StdCat4,H1,perf-test13-alpha,perfprod6
std_StdCat4_1720687797636_23_26,StdCat4,L,perf-test13-alpha,perfprod6
std_StdCat3_1720590805751_15_61,StdCat3,M,perf-test6-alpha,perfprod109
std_StdCat4_1720760516248_27_79,StdCat4,H1,perf-test13-alpha,perfprod6
std_StdCat2_1720589099559_3_10,StdCat2,L,perf-test3-alpha,perfprod110
std_StdCat4_1720688508337_28_93,StdCat4,H2,perf-test13-alpha,perfprod6
std_StdCat4_1720760516248_27_69,StdCat4,H1,perf-test13-alpha,perfprod6
std_StdCat3_1720590805751_15_17,StdCat3,M,perf-test6-alpha,perfprod109
std_StdCat3_1720590379199_12_47,StdCat3,L,perf-test6-alpha,perfprod109
std_StdCat4_1720760516248_27_37,StdCat4,H1,perf-test13-alpha,perfprod6
std_StdCat4_1720537303993_27_75,StdCat4,H1,perf-test13-alpha,perfprod6
std_StdCat4_1720537119703_26_38,StdCat4,H1,perf-test13-alpha,perfprod6
std_StdCat4_1720688508337_28_59,StdCat4,H2,perf-test13-alpha,perfprod6
std_StdCat4_1720536198342_21_7,StdCat4,L,perf-test13-alpha,perfprod6
std_StdCat4_1720715810404_26_24,StdCat4,H1,perf-test13-alpha,perfprod6
std_StdCat4_1721028418412_23_46,StdCat4,L,perf-test13-alpha,perfprod6
std_StdCat4_1720537303993_27_77,StdCat4,H1,perf-test13-alpha,perfprod6
std_StdCat4_1720621800418_28_76,StdCat4,H2,perf-test13-alpha,perfprod6
std_StdCat4_1721028986894_27_75,StdCat4,H1,perf-test13-alpha,perfprod6
std_StdCat4_1720591801037_22_6,StdCat4,L,perf-test13-alpha,perfprod6
std_StdCat4_1720716236878_29_12,StdCat4,H2,perf-test13-alpha,perfprod6
std_StdCat4_1720688366178_27_78,StdCat4,H1,perf-test13-alpha,perfprod6
std_StdCat4_1720621942544_29_12,StdCat4,H2,perf-test13-alpha,perfprod6
std_StdCat4_1720772902723_21_14,StdCat4,L,perf-test13-alpha,perfprod6
std_StdCat4_1720716236878_29_121,StdCat4,H2,perf-test13-alpha,perfprod6
std_StdCat3_1720590805751_15_67,StdCat3,M,perf-test6-alpha,perfprod109
std_StdCat4_1720536751154_24_24,StdCat4,M,perf-test13-alpha,perfprod6
std_StdCat2_1720589526140_6_23,StdCat2,M,perf-test3-alpha,perfprod110
std_StdCat4_1720688081904_25_40,StdCat4,M,perf-test13-alpha,perfprod6
std_StdCat4_1721028418412_23_42,StdCat4,L,perf-test13-alpha,perfprod6
std_StdCat4_1720706493063_27_87,StdCat4,H1,perf-test13-alpha,perfprod6
std_StdCat4_1720621800418_28_28,StdCat4,H2,perf-test13-alpha,perfprod6
std_StdCat4_1720705782364_22_10,StdCat4,L,perf-test13-alpha,perfprod6
std_StdCat4_1720536935422_25_70,StdCat4,M,perf-test13-alpha,perfprod6
std_StdCat4_1720688508337_28_82,StdCat4,H2,perf-test13-alpha,perfprod6
std_StdCat4_1720536566883_23_37,StdCat4,L,perf-test13-alpha,perfprod6
std_StdCat4_1720620947641_22_14,StdCat4,L,perf-test13-alpha,perfprod6
std_StdCat4_1720688508337_28_24,StdCat4,H2,perf-test13-alpha,perfprod6
std_StdCat4_1721028844766_26_37,StdCat4,H1,perf-test13-alpha,perfprod6
std_StdCat3_1720590379199_12_27,StdCat3,L,perf-test6-alpha,perfprod109
std_StdCat4_1720687513355_21_21,StdCat4,L,perf-test13-alpha,perfprod6
std_StdCat4_1720537119703_26_15,StdCat4,H1,perf-test13-alpha,perfprod6
std_StdCat3_1720603584234_13_5,StdCat3,L,perf-test6-alpha,perfprod109
std_StdCat4_1720688366178_27_15,StdCat4,H1,perf-test13-alpha,perfprod6
std_StdCat4_1720760800493_29_45,StdCat4,H2,perf-test13-alpha,perfprod6
std_StdCat4_1720592796127_29_86,StdCat4,H2,perf-test13-alpha,perfprod6
std_StdCat4_1720605005527_23_28,StdCat4,L,perf-test13-alpha,perfprod6
std_StdCat4_1720773186990_23_13,StdCat4,L,perf-test13-alpha,perfprod6
std_StdCat2_1720589099559_3_27,StdCat2,L,perf-test3-alpha,perfprod110
std_StdCat4_1720715952561_27_91,StdCat4,H1,perf-test13-alpha,perfprod6
std_StdCat4_1720537303993_27_40,StdCat4,H1,perf-test13-alpha,perfprod6
std_StdCat4_1720621942544_29_104,StdCat4,H2,perf-test13-alpha,perfprod6
std_StdCat4_1720706777350_29_75,StdCat4,H2,perf-test13-alpha,perfprod6
std_StdCat4_1720688508337_28_21,StdCat4,H2,perf-test13-alpha,perfprod6
std_StdCat3_1720590521389_13_23,StdCat3,L,perf-test6-alpha,perfprod109
std_StdCat4_1720592653976_28_84,StdCat4,H2,perf-test13-alpha,perfprod6
std_StdCat4_1720536751154_24_58,StdCat4,M,perf-test13-alpha,perfprod6
std_StdCat4_1720772902723_21_42,StdCat4,L,perf-test13-alpha,perfprod6
std_StdCat4_1720621374035_25_67,StdCat4,M,perf-test13-alpha,perfprod6
std_StdCat4_1720760374126_26_55,StdCat4,H1,perf-test13-alpha,perfprod6
std_StdCat2_1720602162939_3_42,StdCat2,L,perf-test3-alpha,perfprod110
std_StdCat4_1720716094725_28_109,StdCat4,H2,perf-test13-alpha,perfprod6
std_StdCat4_1720760089871_24_45,StdCat4,M,perf-test13-alpha,perfprod6
std_StdCat4_1720621374035_25_37,StdCat4,M,perf-test13-alpha,perfprod6
std_StdCat4_1720604863403_22_39,StdCat4,L,perf-test13-alpha,perfprod6
std_StdCat4_1720773471282_25_73,StdCat4,M,perf-test13-alpha,perfprod6
std_StdCat4_1720759805634_22_29,StdCat4,L,perf-test13-alpha,perfprod6
std_StdCat4_1720715383961_23_7,StdCat4,L,perf-test13-alpha,perfprod6
std_StdCat4_1720715526107_24_65,StdCat4,M,perf-test13-alpha,perfprod6
std_StdCat4_1720536751154_24_72,StdCat4,M,perf-test13-alpha,perfprod6
std_StdCat4_1720688366178_27_16,StdCat4,H1,perf-test13-alpha,perfprod6
std_StdCat3_1720590805751_15_44,StdCat3,M,perf-test6-alpha,perfprod109
std_StdCat4_1720706350895_26_12,StdCat4,H1,perf-test13-alpha,perfprod6
std_StdCat2_1720589099559_3_49,StdCat2,L,perf-test3-alpha,perfprod110
std_StdCat4_1720706777350_29_94,StdCat4,H2,perf-test13-alpha,perfprod6
std_StdCat2_1720589099559_3_20,StdCat2,L,perf-test3-alpha,perfprod110
std_StdCat4_1720715241819_22_23,StdCat4,L,perf-test13-alpha,perfprod6
std_StdCat4_1720592796127_29_97,StdCat4,H2,perf-test13-alpha,perfprod6
std_StdCat4_1720605858324_29_16,StdCat4,H2,perf-test13-alpha,perfprod6
std_StdCat4_1720591943211_23_48,StdCat4,L,perf-test13-alpha,perfprod6
std_StdCat4_1720620805510_21_24,StdCat4,L,perf-test13-alpha,perfprod6
std_StdCat4_1720592085361_24_4,StdCat4,M,perf-test13-alpha,perfprod6
std_StdCat4_1720706493063_27_97,StdCat4,H1,perf-test13-alpha,perfprod6
std_StdCat4_1720716094725_28_57,StdCat4,H2,perf-test13-alpha,perfprod6
std_StdCat4_1720604863403_22_15,StdCat4,L,perf-test13-alpha,perfprod6
std_StdCat4_1720688508337_28_86,StdCat4,H2,perf-test13-alpha,perfprod6
std_StdCat4_1720592369672_26_97,StdCat4,H1,perf-test13-alpha,perfprod6
std_StdCat4_1720688081904_25_59,StdCat4,M,perf-test13-alpha,perfprod6
std_StdCat4_1720760232000_25_34,StdCat4,M,perf-test13-alpha,perfprod6
std_StdCat4_1720687939771_24_28,StdCat4,M,perf-test13-alpha,perfprod6
std_StdCat4_1720605574062_27_42,StdCat4,H1,perf-test13-alpha,perfprod6
std_StdCat4_1720773471282_25_26,StdCat4,M,perf-test13-alpha,perfprod6
std_StdCat4_1720604721270_21_29,StdCat4,L,perf-test13-alpha,perfprod6
std_StdCat3_1720590663528_14_40,StdCat3,L,perf-test6-alpha,perfprod109
std_StdCat4_1720772902723_21_47,StdCat4,L,perf-test13-alpha,perfprod6
std_StdCat4_1720605289793_25_49,StdCat4,M,perf-test13-alpha,perfprod6
std_StdCat4_1720621658288_27_73,StdCat4,H1,perf-test13-alpha,perfprod6
std_StdCat4_1720687513355_21_22,StdCat4,L,perf-test13-alpha,perfprod6
std_StdCat4_1720773186990_23_4,StdCat4,L,perf-test13-alpha,perfprod6
std_StdCat4_1720621800418_28_89,StdCat4,H2,perf-test13-alpha,perfprod6
std_StdCat4_1720772902723_21_35,StdCat4,L,perf-test13-alpha,perfprod6
std_StdCat4_1721028844766_26_8,StdCat4,H1,perf-test13-alpha,perfprod6
std_StdCat3_1720590237032_11_33,StdCat3,L,perf-test6-alpha,perfprod109
std_StdCat4_1720605147676_24_39,StdCat4,M,perf-test13-alpha,perfprod6
std_StdCat4_1721028844766_26_14,StdCat4,H1,perf-test13-alpha,perfprod6
std_StdCat4_1720605147676_24_37,StdCat4,M,perf-test13-alpha,perfprod6
std_StdCat4_1720621374035_25_14,StdCat4,M,perf-test13-alpha,perfprod6
std_StdCat4_1720591943211_23_31,StdCat4,L,perf-test13-alpha,perfprod6
std_StdCat4_1720592227509_25_71,StdCat4,M,perf-test13-alpha,perfprod6
std_StdCat4_1720537303993_27_1,StdCat4,H1,perf-test13-alpha,perfprod6
std_StdCat4_1721028134162_21_30,StdCat4,L,perf-test13-alpha,perfprod6
std_StdCat4_1721028560539_24_55,StdCat4,M,perf-test13-alpha,perfprod6
std_StdCat4_1720592227509_25_18,StdCat4,M,perf-test13-alpha,perfprod6
std_StdCat2_1720589668306_7_18,StdCat2,H1,perf-test3-alpha,perfprod110
std_StdCat2_1720589668306_7_6,StdCat2,H1,perf-test3-alpha,perfprod110
std_StdCat4_1720621800418_28_91,StdCat4,H2,perf-test13-alpha,perfprod6
std_StdCat4_1720705782364_22_15,StdCat4,L,perf-test13-alpha,perfprod6
std_StdCat4_1720621942544_29_129,StdCat4,H2,perf-test13-alpha,perfprod6
std_StdCat4_1720592653976_28_96,StdCat4,H2,perf-test13-alpha,perfprod6
std_StdCat4_1720621942544_29_20,StdCat4,H2,perf-test13-alpha,perfprod6
std_StdCat4_1720715810404_26_31,StdCat4,H1,perf-test13-alpha,perfprod6
std_StdCat4_1720605431931_26_35,StdCat4,H1,perf-test13-alpha,perfprod6
std_StdCat4_1720536751154_24_16,StdCat4,M,perf-test13-alpha,perfprod6
std_StdCat4_1720688224048_26_4,StdCat4,H1,perf-test13-alpha,perfprod6
std_StdCat4_1720715668255_25_57,StdCat4,M,perf-test13-alpha,perfprod6
std_StdCat4_1720537119703_26_76,StdCat4,H1,perf-test13-alpha,perfprod6
std_StdCat4_1720715810404_26_90,StdCat4,H1,perf-test13-alpha,perfprod6
std_StdCat4_1720605574062_27_60,StdCat4,H1,perf-test13-alpha,perfprod6
std_StdCat3_1720590521389_13_8,StdCat3,L,perf-test6-alpha,perfprod109
std_StdCat4_1720688366178_27_22,StdCat4,H1,perf-test13-alpha,perfprod6
std_StdCat2_1720588957357_2_30,StdCat2,L,perf-test3-alpha,perfprod110
std_StdCat4_1720716094725_28_61,StdCat4,H2,perf-test13-alpha,perfprod6
std_StdCat4_1720621800418_28_73,StdCat4,H2,perf-test13-alpha,perfprod6
std_StdCat4_1720592227509_25_62,StdCat4,M,perf-test13-alpha,perfprod6
std_StdCat4_1720536566883_23_3,StdCat4,L,perf-test13-alpha,perfprod6
std_StdCat4_1720706208765_25_6,StdCat4,M,perf-test13-alpha,perfprod6
std_StdCat4_1720591943211_23_46,StdCat4,L,perf-test13-alpha,perfprod6
std_StdCat4_1720621516161_26_95,StdCat4,H1,perf-test13-alpha,perfprod6
std_StdCat3_1720590805751_15_72,StdCat3,M,perf-test6-alpha,perfprod109
std_StdCat4_1720773613416_26_19,StdCat4,H1,perf-test13-alpha,perfprod6
std_StdCat4_1720621800418_28_138,StdCat4,H2,perf-test13-alpha,perfprod6
std_StdCat4_1720706493063_27_1,StdCat4,H1,perf-test13-alpha,perfprod6
std_StdCat4_1720716236878_29_31,StdCat4,H2,perf-test13-alpha,perfprod6
std_StdCat4_1720706635192_28_91,StdCat4,H2,perf-test13-alpha,perfprod6
std_StdCat4_1720772902723_21_11,StdCat4,L,perf-test13-alpha,perfprod6
std_StdCat4_1720760232000_25_1,StdCat4,M,perf-test13-alpha,perfprod6
std_StdCat4_1720605858324_29_64,StdCat4,H2,perf-test13-alpha,perfprod6
std_StdCat4_1720706777350_29_29,StdCat4,H2,perf-test13-alpha,perfprod6
std_StdCat4_1720760658361_28_51,StdCat4,H2,perf-test13-alpha,perfprod6
std_StdCat3_1720590947937_16_20,StdCat3,M,perf-test6-alpha,perfprod109
std_StdCat4_1720621516161_26_8,StdCat4,H1,perf-test13-alpha,perfprod6
std_StdCat3_1720590379199_12_28,StdCat3,L,perf-test6-alpha,perfprod109
std_StdCat4_1720605574062_27_23,StdCat4,H1,perf-test13-alpha,perfprod6
std_StdCat5_1720593080438_31_4,StdCat5,L,perf-test17-alpha,perfprod111
std_StdCat4_1720687939771_24_70,StdCat4,M,perf-test13-alpha,perfprod6
std_StdCat4_1720688224048_26_55,StdCat4,H1,perf-test13-alpha,perfprod6
std_StdCat4_1720537303993_27_29,StdCat4,H1,perf-test13-alpha,perfprod6
std_StdCat4_1720716094725_28_43,StdCat4,H2,perf-test13-alpha,perfprod6
std_StdCat4_1720773044871_22_48,StdCat4,L,perf-test13-alpha,perfprod6
std_StdCat4_1720715668255_25_12,StdCat4,M,perf-test13-alpha,perfprod6
std_StdCat4_1720715241819_22_17,StdCat4,L,perf-test13-alpha,perfprod6
std_StdCat4_1720621800418_28_3,StdCat4,H2,perf-test13-alpha,perfprod6
std_StdCat3_1720591090103_17_55,StdCat3,H1,perf-test6-alpha,perfprod109
std_StdCat4_1720687939771_24_69,StdCat4,M,perf-test13-alpha,perfprod6
std_StdCat4_1720706350895_26_41,StdCat4,H1,perf-test13-alpha,perfprod6
std_StdCat4_1720760232000_25_49,StdCat4,M,perf-test13-alpha,perfprod6
std_StdCat4_1720706493063_27_90,StdCat4,H1,perf-test13-alpha,perfprod6
std_StdCat4_1720592369672_26_85,StdCat4,H1,perf-test13-alpha,perfprod6
std_StdCat4_1720760374126_26_90,StdCat4,H1,perf-test13-alpha,perfprod6
std_StdCat4_1720716094725_28_122,StdCat4,H2,perf-test13-alpha,perfprod6
std_StdCat4_1720706777350_29_137,StdCat4,H2,perf-test13-alpha,perfprod6
std_StdCat4_1720705640239_21_19,StdCat4,L,perf-test13-alpha,perfprod6
std_StdCat4_1720688508337_28_8,StdCat4,H2,perf-test13-alpha,perfprod6
std_StdCat4_1720760658361_28_141,StdCat4,H2,perf-test13-alpha,perfprod6
std_StdCat4_1720760658361_28_18,StdCat4,H2,perf-test13-alpha,perfprod6
std_StdCat4_1720621942544_29_49,StdCat4,H2,perf-test13-alpha,perfprod6
std_StdCat4_1720592369672_26_54,StdCat4,H1,perf-test13-alpha,perfprod6
std_StdCat4_1720620947641_22_33,StdCat4,L,perf-test13-alpha,perfprod6
std_StdCat4_1720706777350_29_11,StdCat4,H2,perf-test13-alpha,perfprod6
std_StdCat4_1720773471282_25_49,StdCat4,M,perf-test13-alpha,perfprod6
std_StdCat2_1720602162939_3_30,StdCat2,L,perf-test3-alpha,perfprod110
std_StdCat3_1720590379199_12_41,StdCat3,L,perf-test6-alpha,perfprod109
std_StdCat4_1720706777350_29_4,StdCat4,H2,perf-test13-alpha,perfprod6
std_StdCat4_1720715810404_26_68,StdCat4,H1,perf-test13-alpha,perfprod6
std_StdCat4_1720605716187_28_95,StdCat4,H2,perf-test13-alpha,perfprod6
std_StdCat4_1721028560539_24_13,StdCat4,M,perf-test13-alpha,perfprod6
std_StdCat4_1720621231901_24_19,StdCat4,M,perf-test13-alpha,perfprod6
std_StdCat4_1720592085361_24_66,StdCat4,M,perf-test13-alpha,perfprod6
std_StdCat4_1721028702659_25_6,StdCat4,M,perf-test13-alpha,perfprod6
std_StdCat4_1720760089871_24_58,StdCat4,M,perf-test13-alpha,perfprod6
std_StdCat4_1720715526107_24_22,StdCat4,M,perf-test13-alpha,perfprod6
std_StdCat4_1720706635192_28_30,StdCat4,H2,perf-test13-alpha,perfprod6
std_StdCat4_1720716236878_29_90,StdCat4,H2,perf-test13-alpha,perfprod6
std_StdCat3_1720591090103_17_59,StdCat3,H1,perf-test6-alpha,perfprod109
std_StdCat4_1721028844766_26_44,StdCat4,H1,perf-test13-alpha,perfprod6
std_StdCat4_1720760658361_28_29,StdCat4,H2,perf-test13-alpha,perfprod6
std_StdCat4_1720760232000_25_10,StdCat4,M,perf-test13-alpha,perfprod6
std_StdCat4_1720592085361_24_16,StdCat4,M,perf-test13-alpha,perfprod6
std_StdCat4_1720591658879_21_26,StdCat4,L,perf-test13-alpha,perfprod6
std_StdCat4_1721028418412_23_12,StdCat4,L,perf-test13-alpha,perfprod6
std_StdCat4_1720773755569_27_11,StdCat4,H1,perf-test13-alpha,perfprod6
std_StdCat4_1721028418412_23_30,StdCat4,L,perf-test13-alpha,perfprod6
std_StdCat4_1720592227509_25_34,StdCat4,M,perf-test13-alpha,perfprod6
std_StdCat4_1720605289793_25_13,StdCat4,M,perf-test13-alpha,perfprod6
std_StdCat4_1720591801037_22_46,StdCat4,L,perf-test13-alpha,perfprod6
std_StdCat4_1720536935422_25_21,StdCat4,M,perf-test13-alpha,perfprod6
std_StdCat4_1720773755569_27_96,StdCat4,H1,perf-test13-alpha,perfprod6
std_StdCat4_1720688366178_27_6,StdCat4,H1,perf-test13-alpha,perfprod6
std_StdCat4_1720715668255_25_25,StdCat4,M,perf-test13-alpha,perfprod6
std_StdCat4_1720705640239_21_49,StdCat4,L,perf-test13-alpha,perfprod6
std_StdCat4_1720537303993_27_15,StdCat4,H1,perf-test13-alpha,perfprod6
std_StdCat4_1720706635192_28_9,StdCat4,H2,perf-test13-alpha,perfprod6
std_StdCat4_1720536751154_24_49,StdCat4,M,perf-test13-alpha,perfprod6
std_StdCat4_1720706066635_24_31,StdCat4,M,perf-test13-alpha,perfprod6
std_StdCat4_1720760516248_27_54,StdCat4,H1,perf-test13-alpha,perfprod6
std_StdCat4_1720536935422_25_64,StdCat4,M,perf-test13-alpha,perfprod6
std_StdCat2_1720588957357_2_19,StdCat2,L,perf-test3-alpha,perfprod110
std_StdCat4_1720715952561_27_55,StdCat4,H1,perf-test13-alpha,perfprod6
std_StdCat4_1720715668255_25_14,StdCat4,M,perf-test13-alpha,perfprod6
std_StdCat2_1720589383968_5_71,StdCat2,M,perf-test3-alpha,perfprod110
std_StdCat2_1720589099559_3_41,StdCat2,L,perf-test3-alpha,perfprod110
std_StdCat4_1720705782364_22_17,StdCat4,L,perf-test13-alpha,perfprod6
std_StdCat2_1720589099559_3_32,StdCat2,L,perf-test3-alpha,perfprod110
std_StdCat4_1720706635192_28_5,StdCat4,H2,perf-test13-alpha,perfprod6
std_StdCat4_1721028844766_26_95,StdCat4,H1,perf-test13-alpha,perfprod6
std_StdCat2_1720602305053_4_22,StdCat2,L,perf-test3-alpha,perfprod110
std_StdCat2_1720588815195_1_19,StdCat2,L,perf-test3-alpha,perfprod110
std_StdCat4_1720620947641_22_3,StdCat4,L,perf-test13-alpha,perfprod6
std_StdCat4_1721028702659_25_26,StdCat4,M,perf-test13-alpha,perfprod6
std_StdCat4_1720688650462_29_22,StdCat4,H2,perf-test13-alpha,perfprod6
std_StdCat4_1720621800418_28_6,StdCat4,H2,perf-test13-alpha,perfprod6
std_StdCat4_1720605716187_28_98,StdCat4,H2,perf-test13-alpha,perfprod6
std_StdCat4_1720605716187_28_52,StdCat4,H2,perf-test13-alpha,perfprod6
std_StdCat4_1720621800418_28_67,StdCat4,H2,perf-test13-alpha,perfprod6
std_StdCat4_1721028560539_24_46,StdCat4,M,perf-test13-alpha,perfprod6
std_StdCat4_1720760089871_24_4,StdCat4,M,perf-test13-alpha,perfprod6
std_StdCat4_1720706493063_27_69,StdCat4,H1,perf-test13-alpha,perfprod6
std_StdCat4_1720715241819_22_24,StdCat4,L,perf-test13-alpha,perfprod6
std_StdCat4_1720605147676_24_70,StdCat4,M,perf-test13-alpha,perfprod6
std_StdCat4_1720591943211_23_32,StdCat4,L,perf-test13-alpha,perfprod6
std_StdCat3_1720603299969_11_5,StdCat3,L,perf-test6-alpha,perfprod109
std_StdCat4_1720621800418_28_122,StdCat4,H2,perf-test13-alpha,perfprod6
std_StdCat4_1720536935422_25_32,StdCat4,M,perf-test13-alpha,perfprod6
std_StdCat4_1720760089871_24_63,StdCat4,M,perf-test13-alpha,perfprod6
std_StdCat4_1720773471282_25_27,StdCat4,M,perf-test13-alpha,perfprod6
std_StdCat2_1720589526140_6_14,StdCat2,M,perf-test3-alpha,perfprod110
std_StdCat4_1721028986894_27_64,StdCat4,H1,perf-test13-alpha,perfprod6
std_StdCat4_1720592653976_28_119,StdCat4,H2,perf-test13-alpha,perfprod6
std_StdCat4_1720705782364_22_22,StdCat4,L,perf-test13-alpha,perfprod6
std_StdCat4_1720605431931_26_29,StdCat4,H1,perf-test13-alpha,perfprod6
std_StdCat4_1721028844766_26_75,StdCat4,H1,perf-test13-alpha,perfprod6
std_StdCat4_1720706635192_28_113,StdCat4,H2,perf-test13-alpha,perfprod6
std_StdCat4_1720592796127_29_89,StdCat4,H2,perf-test13-alpha,perfprod6
std_StdCat4_1720760374126_26_10,StdCat4,H1,perf-test13-alpha,perfprod6
std_StdCat2_1720602305053_4_32,StdCat2,L,perf-test3-alpha,perfprod110
std_StdCat4_1720592511825_27_10,StdCat4,H1,perf-test13-alpha,perfprod6
std_StdCat4_1720688366178_27_43,StdCat4,H1,perf-test13-alpha,perfprod6
std_StdCat4_1720605858324_29_56,StdCat4,H2,perf-test13-alpha,perfprod6
std_StdCat4_1721028134162_21_25,StdCat4,L,perf-test13-alpha,perfprod6
std_StdCat4_1720760658361_28_118,StdCat4,H2,perf-test13-alpha,perfprod6
std_StdCat4_1720605858324_29_140,StdCat4,H2,perf-test13-alpha,perfprod6
std_StdCat4_1720760516248_27_28,StdCat4,H1,perf-test13-alpha,perfprod6
std_StdCat4_1720715241819_22_39,StdCat4,L,perf-test13-alpha,perfprod6
std_StdCat4_1720605858324_29_110,StdCat4,H2,perf-test13-alpha,perfprod6
std_StdCat4_1720688081904_25_74,StdCat4,M,perf-test13-alpha,perfprod6
std_StdCat4_1720605574062_27_46,StdCat4,H1,perf-test13-alpha,perfprod6
std_StdCat4_1720715241819_22_11,StdCat4,L,perf-test13-alpha,perfprod6
std_StdCat4_1720536198342_21_32,StdCat4,L,perf-test13-alpha,perfprod6
std_StdCat4_1720716094725_28_85,StdCat4,H2,perf-test13-alpha,perfprod6
std_StdCat4_1720773755569_27_100,StdCat4,H1,perf-test13-alpha,perfprod6
std_StdCat4_1720592085361_24_29,StdCat4,M,perf-test13-alpha,perfprod6
std_StdCat4_1720687797636_23_37,StdCat4,L,perf-test13-alpha,perfprod6
std_StdCat4_1720716094725_28_78,StdCat4,H2,perf-test13-alpha,perfprod6
std_StdCat4_1720605289793_25_60,StdCat4,M,perf-test13-alpha,perfprod6
std_StdCat4_1720760374126_26_34,StdCat4,H1,perf-test13-alpha,perfprod6
std_StdCat4_1720688650462_29_85,StdCat4,H2,perf-test13-alpha,perfprod6
std_StdCat4_1720706635192_28_65,StdCat4,H2,perf-test13-alpha,perfprod6
std_StdCat4_1720592227509_25_64,StdCat4,M,perf-test13-alpha,perfprod6
std_StdCat4_1720605574062_27_67,StdCat4,H1,perf-test13-alpha,perfprod6
std_StdCat2_1720589241780_4_1,StdCat2,L,perf-test3-alpha,perfprod110
std_StdCat4_1720706493063_27_24,StdCat4,H1,perf-test13-alpha,perfprod6
std_StdCat4_1720621800418_28_129,StdCat4,H2,perf-test13-alpha,perfprod6
std_StdCat4_1720605574062_27_87,StdCat4,H1,perf-test13-alpha,perfprod6
std_StdCat2_1720588957357_2_40,StdCat2,L,perf-test3-alpha,perfprod110
std_StdCat4_1720688224048_26_22,StdCat4,H1,perf-test13-alpha,perfprod6
std_StdCat4_1720592796127_29_79,StdCat4,H2,perf-test13-alpha,perfprod6
std_StdCat4_1720605716187_28_61,StdCat4,H2,perf-test13-alpha,perfprod6
std_StdCat4_1720621800418_28_134,StdCat4,H2,perf-test13-alpha,perfprod6
std_StdCat4_1721028134162_21_41,StdCat4,L,perf-test13-alpha,perfprod6
std_StdCat4_1720688508337_28_51,StdCat4,H2,perf-test13-alpha,perfprod6
std_StdCat4_1721028702659_25_10,StdCat4,M,perf-test13-alpha,perfprod6
std_StdCat3_1720591090103_17_51,StdCat3,H1,perf-test6-alpha,perfprod109
std_StdCat4_1720715099662_21_8,StdCat4,L,perf-test13-alpha,perfprod6
std_StdCat2_1720589383968_5_72,StdCat2,M,perf-test3-alpha,perfprod110
std_StdCat4_1720716236878_29_41,StdCat4,H2,perf-test13-alpha,perfprod6
std_StdCat4_1720706777350_29_31,StdCat4,H2,perf-test13-alpha,perfprod6
std_StdCat4_1720605858324_29_20,StdCat4,H2,perf-test13-alpha,perfprod6
std_StdCat3_1720590805751_15_12,StdCat3,M,perf-test6-alpha,perfprod109
std_StdCat4_1720760089871_24_10,StdCat4,M,perf-test13-alpha,perfprod6
std_StdCat2_1720601878669_1_11,StdCat2,L,perf-test3-alpha,perfprod110
std_StdCat4_1720592369672_26_37,StdCat4,H1,perf-test13-alpha,perfprod6
std_StdCat2_1720589241780_4_37,StdCat2,L,perf-test3-alpha,perfprod110
std_StdCat4_1720706635192_28_42,StdCat4,H2,perf-test13-alpha,perfprod6
std_StdCat4_1720706635192_28_79,StdCat4,H2,perf-test13-alpha,perfprod6
std_StdCat4_1721028560539_24_26,StdCat4,M,perf-test13-alpha,perfprod6
std_StdCat4_1720592796127_29_53,StdCat4,H2,perf-test13-alpha,perfprod6
std_StdCat4_1720621942544_29_89,StdCat4,H2,perf-test13-alpha,perfprod6
std_StdCat4_1720715952561_27_60,StdCat4,H1,perf-test13-alpha,perfprod6
std_StdCat4_1720688508337_28_89,StdCat4,H2,perf-test13-alpha,perfprod6
std_StdCat4_1720716094725_28_72,StdCat4,H2,perf-test13-alpha,perfprod6
std_StdCat4_1720536382610_22_29,StdCat4,L,perf-test13-alpha,perfprod6
std_StdCat4_1720592511825_27_97,StdCat4,H1,perf-test13-alpha,perfprod6
std_StdCat4_1720592796127_29_52,StdCat4,H2,perf-test13-alpha,perfprod6
std_StdCat4_1720688224048_26_45,StdCat4,H1,perf-test13-alpha,perfprod6
std_StdCat4_1720715668255_25_13,StdCat4,M,perf-test13-alpha,perfprod6
std_StdCat4_1720706208765_25_68,StdCat4,M,perf-test13-alpha,perfprod6
std_StdCat4_1720605858324_29_146,StdCat4,H2,perf-test13-alpha,perfprod6
std_StdCat4_1720605858324_29_31,StdCat4,H2,perf-test13-alpha,perfprod6
std_StdCat4_1720773755569_27_73,StdCat4,H1,perf-test13-alpha,perfprod6
std_StdCat4_1720688508337_28_74,StdCat4,H2,perf-test13-alpha,perfprod6
std_StdCat2_1720588815195_1_42,StdCat2,L,perf-test3-alpha,perfprod110
std_StdCat2_1720602162939_3_1,StdCat2,L,perf-test3-alpha,perfprod110
std_StdCat2_1720589668306_7_44,StdCat2,H1,perf-test3-alpha,perfprod110
std_StdCat4_1720773755569_27_50,StdCat4,H1,perf-test13-alpha,perfprod6
std_StdCat4_1720759947744_23_20,StdCat4,L,perf-test13-alpha,perfprod6
std_StdCat4_1720621800418_28_48,StdCat4,H2,perf-test13-alpha,perfprod6
std_StdCat4_1720592796127_29_44,StdCat4,H2,perf-test13-alpha,perfprod6
std_StdCat4_1721028418412_23_18,StdCat4,L,perf-test13-alpha,perfprod6
std_StdCat4_1720605716187_28_55,StdCat4,H2,perf-test13-alpha,perfprod6
std_StdCat4_1720621374035_25_63,StdCat4,M,perf-test13-alpha,perfprod6
std_StdCat4_1720760658361_28_114,StdCat4,H2,perf-test13-alpha,perfprod6
std_StdCat2_1720589241780_4_20,StdCat2,L,perf-test3-alpha,perfprod110
std_StdCat4_1720716094725_28_50,StdCat4,H2,perf-test13-alpha,perfprod6
std_StdCat4_1720760089871_24_57,StdCat4,M,perf-test13-alpha,perfprod6
std_StdCat4_1720773755569_27_98,StdCat4,H1,perf-test13-alpha,perfprod6
std_StdCat3_1720591374521_19_28,StdCat3,H2,perf-test6-alpha,perfprod109
std_StdCat4_1721028844766_26_66,StdCat4,H1,perf-test13-alpha,perfprod6
std_StdCat3_1720603299969_11_6,StdCat3,L,perf-test6-alpha,perfprod109
std_StdCat3_1720590805751_15_43,StdCat3,M,perf-test6-alpha,perfprod109
std_StdCat4_1720688366178_27_41,StdCat4,H1,perf-test13-alpha,perfprod6
std_StdCat4_1720605574062_27_7,StdCat4,H1,perf-test13-alpha,perfprod6
std_StdCat3_1720603584234_13_46,StdCat3,L,perf-test6-alpha,perfprod109
std_StdCat4_1720715668255_25_11,StdCat4,M,perf-test13-alpha,perfprod6
std_StdCat4_1720760658361_28_61,StdCat4,H2,perf-test13-alpha,perfprod6
std_StdCat4_1720705782364_22_3,StdCat4,L,perf-test13-alpha,perfprod6
std_StdCat4_1720773044871_22_32,StdCat4,L,perf-test13-alpha,perfprod6
std_StdCat4_1720537119703_26_55,StdCat4,H1,perf-test13-alpha,perfprod6
std_StdCat4_1720592369672_26_22,StdCat4,H1,perf-test13-alpha,perfprod6
std_StdCat4_1720706635192_28_8,StdCat4,H2,perf-test13-alpha,perfprod6
std_StdCat4_1720605005527_23_11,StdCat4,L,perf-test13-alpha,perfprod6
std_StdCat4_1720760374126_26_31,StdCat4,H1,perf-test13-alpha,perfprod6
std_StdCat4_1721028560539_24_58,StdCat4,M,perf-test13-alpha,perfprod6
std_StdCat4_1720715526107_24_62,StdCat4,M,perf-test13-alpha,perfprod6
std_StdCat4_1720715383961_23_45,StdCat4,L,perf-test13-alpha,perfprod6
std_StdCat4_1720706777350_29_140,StdCat4,H2,perf-test13-alpha,perfprod6
std_StdCat4_1720605858324_29_22,StdCat4,H2,perf-test13-alpha,perfprod6
std_StdCat4_1720605716187_28_108,StdCat4,H2,perf-test13-alpha,perfprod6
std_StdCat2_1720588815195_1_21,StdCat2,L,perf-test3-alpha,perfprod110
std_StdCat4_1720715526107_24_28,StdCat4,M,perf-test13-alpha,perfprod6
std_StdCat3_1720590663528_14_24,StdCat3,L,perf-test6-alpha,perfprod109
std_StdCat4_1720706777350_29_141,StdCat4,H2,perf-test13-alpha,perfprod6
std_StdCat4_1720537119703_26_73,StdCat4,H1,perf-test13-alpha,perfprod6
std_StdCat4_1720536751154_24_67,StdCat4,M,perf-test13-alpha,perfprod6
std_StdCat4_1720706493063_27_26,StdCat4,H1,perf-test13-alpha,perfprod6
std_StdCat4_1720605858324_29_91,StdCat4,H2,perf-test13-alpha,perfprod6
std_StdCat2_1720588815195_1_43,StdCat2,L,perf-test3-alpha,perfprod110
std_StdCat4_1720773613416_26_90,StdCat4,H1,perf-test13-alpha,perfprod6
std_StdCat3_1720590379199_12_29,StdCat3,L,perf-test6-alpha,perfprod109
std_StdCat4_1720592369672_26_10,StdCat4,H1,perf-test13-alpha,perfprod6
std_StdCat4_1720621658288_27_60,StdCat4,H1,perf-test13-alpha,perfprod6
std_StdCat4_1720591943211_23_41,StdCat4,L,perf-test13-alpha,perfprod6
std_StdCat4_1720605574062_27_47,StdCat4,H1,perf-test13-alpha,perfprod6
std_StdCat5_1720592938287_30_31,StdCat5,L,perf-test17-alpha,perfprod111
std_StdCat4_1720760374126_26_76,StdCat4,H1,perf-test13-alpha,perfprod6
std_StdCat4_1720773044871_22_38,StdCat4,L,perf-test13-alpha,perfprod6
std_StdCat4_1720592796127_29_72,StdCat4,H2,perf-test13-alpha,perfprod6
std_StdCat4_1720688508337_28_106,StdCat4,H2,perf-test13-alpha,perfprod6
std_StdCat4_1720715952561_27_93,StdCat4,H1,perf-test13-alpha,perfprod6
std_StdCat4_1720687939771_24_52,StdCat4,M,perf-test13-alpha,perfprod6
std_StdCat4_1720621942544_29_92,StdCat4,H2,perf-test13-alpha,perfprod6
std_StdCat2_1720601878669_1_46,StdCat2,L,perf-test3-alpha,perfprod110
std_StdCat4_1720688366178_27_100,StdCat4,H1,perf-test13-alpha,perfprod6
std_StdCat4_1720605858324_29_21,StdCat4,H2,perf-test13-alpha,perfprod6
std_StdCat4_1720621374035_25_45,StdCat4,M,perf-test13-alpha,perfprod6
std_StdCat4_1720715810404_26_10,StdCat4,H1,perf-test13-alpha,perfprod6
std_StdCat4_1720592085361_24_7,StdCat4,M,perf-test13-alpha,perfprod6
std_StdCat4_1720759663507_21_6,StdCat4,L,perf-test13-alpha,perfprod6
std_StdCat4_1720536382610_22_7,StdCat4,L,perf-test13-alpha,perfprod6
std_StdCat4_1720715099662_21_21,StdCat4,L,perf-test13-alpha,perfprod6
std_StdCat4_1720621089766_23_12,StdCat4,L,perf-test13-alpha,perfprod6
std_StdCat4_1720591943211_23_3,StdCat4,L,perf-test13-alpha,perfprod6
std_StdCat4_1720715241819_22_22,StdCat4,L,perf-test13-alpha,perfprod6
std_StdCat4_1720592369672_26_70,StdCat4,H1,perf-test13-alpha,perfprod6
std_StdCat4_1720705924490_23_40,StdCat4,L,perf-test13-alpha,perfprod6
std_StdCat4_1720605431931_26_66,StdCat4,H1,perf-test13-alpha,perfprod6
std_StdCat4_1720591658879_21_15,StdCat4,L,perf-test13-alpha,perfprod6
std_StdCat4_1720706350895_26_99,StdCat4,H1,perf-test13-alpha,perfprod6
std_StdCat4_1720688508337_28_142,StdCat4,H2,perf-test13-alpha,perfprod6
std_StdCat4_1720592653976_28_33,StdCat4,H2,perf-test13-alpha,perfprod6
std_StdCat4_1720706777350_29_92,StdCat4,H2,perf-test13-alpha,perfprod6
std_StdCat4_1720592796127_29_105,StdCat4,H2,perf-test13-alpha,perfprod6
std_StdCat4_1720592369672_26_99,StdCat4,H1,perf-test13-alpha,perfprod6
std_StdCat3_1720603299969_11_11,StdCat3,L,perf-test6-alpha,perfprod109
std_StdCat4_1720688508337_28_130,StdCat4,H2,perf-test13-alpha,perfprod6
std_StdCat4_1720621231901_24_32,StdCat4,M,perf-test13-alpha,perfprod6
std_StdCat2_1720588815195_1_31,StdCat2,L,perf-test3-alpha,perfprod110
std_StdCat4_1720760089871_24_53,StdCat4,M,perf-test13-alpha,perfprod6
std_StdCat4_1720715383961_23_46,StdCat4,L,perf-test13-alpha,perfprod6
std_StdCat4_1720715099662_21_4,StdCat4,L,perf-test13-alpha,perfprod6
std_StdCat4_1720687655496_22_42,StdCat4,L,perf-test13-alpha,perfprod6
std_StdCat4_1720716094725_28_27,StdCat4,H2,perf-test13-alpha,perfprod6
std_StdCat4_1721028418412_23_2,StdCat4,L,perf-test13-alpha,perfprod6
std_StdCat2_1720588957357_2_35,StdCat2,L,perf-test3-alpha,perfprod110
std_StdCat3_1720590947937_16_36,StdCat3,M,perf-test6-alpha,perfprod109
std_StdCat4_1720605574062_27_90,StdCat4,H1,perf-test13-alpha,perfprod6
std_StdCat4_1721028844766_26_69,StdCat4,H1,perf-test13-alpha,perfprod6
std_StdCat4_1720688508337_28_83,StdCat4,H2,perf-test13-alpha,perfprod6
std_StdCat4_1720716236878_29_58,StdCat4,H2,perf-test13-alpha,perfprod6
std_StdCat4_1720591801037_22_31,StdCat4,L,perf-test13-alpha,perfprod6
std_StdCat4_1720773755569_27_23,StdCat4,H1,perf-test13-alpha,perfprod6
std_StdCat4_1720705640239_21_35,StdCat4,L,perf-test13-alpha,perfprod6
std_StdCat4_1720706635192_28_26,StdCat4,H2,perf-test13-alpha,perfprod6
std_StdCat4_1720592227509_25_14,StdCat4,M,perf-test13-alpha,perfprod6
std_StdCat4_1720759805634_22_40,StdCat4,L,perf-test13-alpha,perfprod6
std_StdCat4_1720592511825_27_25,StdCat4,H1,perf-test13-alpha,perfprod6
std_StdCat4_1720773329137_24_51,StdCat4,M,perf-test13-alpha,perfprod6
std_StdCat3_1720590947937_16_42,StdCat3,M,perf-test6-alpha,perfprod109
std_StdCat4_1720705782364_22_5,StdCat4,L,perf-test13-alpha,perfprod6
std_StdCat4_1720715526107_24_43,StdCat4,M,perf-test13-alpha,perfprod6
std_StdCat4_1720705924490_23_42,StdCat4,L,perf-test13-alpha,perfprod6
std_StdCat4_1720715668255_25_50,StdCat4,M,perf-test13-alpha,perfprod6
std_StdCat4_1720591801037_22_50,StdCat4,L,perf-test13-alpha,perfprod6
std_StdCat4_1720688508337_28_47,StdCat4,H2,perf-test13-alpha,perfprod6
std_StdCat4_1720706635192_28_16,StdCat4,H2,perf-test13-alpha,perfprod6
std_StdCat4_1720773471282_25_62,StdCat4,M,perf-test13-alpha,perfprod6
std_StdCat4_1720592653976_28_110,StdCat4,H2,perf-test13-alpha,perfprod6
std_StdCat4_1720537119703_26_21,StdCat4,H1,perf-test13-alpha,perfprod6
std_StdCat4_1720715668255_25_53,StdCat4,M,perf-test13-alpha,perfprod6
std_StdCat4_1720706208765_25_56,StdCat4,M,perf-test13-alpha,perfprod6
std_StdCat4_1720688650462_29_18,StdCat4,H2,perf-test13-alpha,perfprod6
std_StdCat3_1720603442099_12_42,StdCat3,L,perf-test6-alpha,perfprod109
std_StdCat4_1720536566883_23_2,StdCat4,L,perf-test13-alpha,perfprod6
std_StdCat3_1720591090103_17_32,StdCat3,H1,perf-test6-alpha,perfprod109
std_StdCat4_1720688650462_29_15,StdCat4,H2,perf-test13-alpha,perfprod6
std_StdCat5_1720593649090_35_5,StdCat5,H1,perf-test17-alpha,perfprod111
std_StdCat4_1720688366178_27_25,StdCat4,H1,perf-test13-alpha,perfprod6
std_StdCat4_1720621658288_27_43,StdCat4,H1,perf-test13-alpha,perfprod6
std_StdCat4_1720620805510_21_6,StdCat4,L,perf-test13-alpha,perfprod6
std_StdCat4_1720605858324_29_67,StdCat4,H2,perf-test13-alpha,perfprod6
std_StdCat4_1720621800418_28_19,StdCat4,H2,perf-test13-alpha,perfprod6
std_StdCat3_1720590521389_13_1,StdCat3,L,perf-test6-alpha,perfprod109
std_StdCat2_1720602162939_3_35,StdCat2,L,perf-test3-alpha,perfprod110
std_StdCat4_1720605147676_24_57,StdCat4,M,perf-test13-alpha,perfprod6
std_StdCat4_1720706635192_28_147,StdCat4,H2,perf-test13-alpha,perfprod6
std_StdCat4_1720715668255_25_72,StdCat4,M,perf-test13-alpha,perfprod6
std_StdCat4_1720591943211_23_27,StdCat4,L,perf-test13-alpha,perfprod6
std_StdCat3_1720603442099_12_13,StdCat3,L,perf-test6-alpha,perfprod109
std_StdCat4_1720605858324_29_125,StdCat4,H2,perf-test13-alpha,perfprod6
std_StdCat4_1720715810404_26_41,StdCat4,H1,perf-test13-alpha,perfprod6
std_StdCat4_1720716094725_28_31,StdCat4,H2,perf-test13-alpha,perfprod6
std_StdCat4_1720621516161_26_62,StdCat4,H1,perf-test13-alpha,perfprod6
std_StdCat4_1721028986894_27_9,StdCat4,H1,perf-test13-alpha,perfprod6
std_StdCat4_1720687513355_21_13,StdCat4,L,perf-test13-alpha,perfprod6
std_StdCat4_1720760374126_26_16,StdCat4,H1,perf-test13-alpha,perfprod6
std_StdCat4_1720621942544_29_6,StdCat4,H2,perf-test13-alpha,perfprod6
std_StdCat4_1720536382610_22_48,StdCat4,L,perf-test13-alpha,perfprod6
std_StdCat4_1720773186990_23_8,StdCat4,L,perf-test13-alpha,perfprod6
std_StdCat4_1720605858324_29_115,StdCat4,H2,perf-test13-alpha,perfprod6
std_StdCat4_1720621231901_24_72,StdCat4,M,perf-test13-alpha,perfprod6
std_StdCat3_1720590237032_11_35,StdCat3,L,perf-test6-alpha,perfprod109
std_StdCat2_1720588815195_1_22,StdCat2,L,perf-test3-alpha,perfprod110
std_StdCat4_1720773044871_22_13,StdCat4,L,perf-test13-alpha,perfprod6
std_StdCat4_1720773186990_23_38,StdCat4,L,perf-test13-alpha,perfprod6
std_StdCat4_1720706635192_28_104,StdCat4,H2,perf-test13-alpha,perfprod6
std_StdCat4_1721028560539_24_19,StdCat4,M,perf-test13-alpha,perfprod6
std_StdCat4_1720715526107_24_33,StdCat4,M,perf-test13-alpha,perfprod6
std_StdCat4_1720688366178_27_51,StdCat4,H1,perf-test13-alpha,perfprod6
std_StdCat2_1720602020802_2_22,StdCat2,L,perf-test3-alpha,perfprod110
std_StdCat4_1720537119703_26_59,StdCat4,H1,perf-test13-alpha,perfprod6
std_StdCat3_1720603584234_13_41,StdCat3,L,perf-test6-alpha,perfprod109
std_StdCat4_1720705782364_22_6,StdCat4,L,perf-test13-alpha,perfprod6
std_StdCat4_1720760232000_25_51,StdCat4,M,perf-test13-alpha,perfprod6
std_StdCat4_1720621374035_25_68,StdCat4,M,perf-test13-alpha,perfprod6
std_StdCat4_1720536751154_24_36,StdCat4,M,perf-test13-alpha,perfprod6
std_StdCat4_1720706493063_27_56,StdCat4,H1,perf-test13-alpha,perfprod6
std_StdCat4_1720621374035_25_47,StdCat4,M,perf-test13-alpha,perfprod6
std_StdCat4_1720759947744_23_30,StdCat4,L,perf-test13-alpha,perfprod6
std_StdCat2_1720589099559_3_24,StdCat2,L,perf-test3-alpha,perfprod110
std_StdCat4_1720773613416_26_88,StdCat4,H1,perf-test13-alpha,perfprod6
std_StdCat4_1720605716187_28_27,StdCat4,H2,perf-test13-alpha,perfprod6
std_StdCat4_1721028560539_24_52,StdCat4,M,perf-test13-alpha,perfprod6
std_StdCat2_1720602162939_3_10,StdCat2,L,perf-test3-alpha,perfprod110
std_StdCat4_1720706350895_26_47,StdCat4,H1,perf-test13-alpha,perfprod6
std_StdCat4_1721028702659_25_68,StdCat4,M,perf-test13-alpha,perfprod6
std_StdCat3_1720590805751_15_38,StdCat3,M,perf-test6-alpha,perfprod109
std_StdCat4_1720715099662_21_43,StdCat4,L,perf-test13-alpha,perfprod6
std_StdCat4_1720620805510_21_33,StdCat4,L,perf-test13-alpha,perfprod6
std_StdCat4_1720705640239_21_20,StdCat4,L,perf-test13-alpha,perfprod6
std_StdCat4_1720688224048_26_33,StdCat4,H1,perf-test13-alpha,perfprod6
std_StdCat3_1720590379199_12_48,StdCat3,L,perf-test6-alpha,perfprod109
std_StdCat4_1720592796127_29_107,StdCat4,H2,perf-test13-alpha,perfprod6
std_StdCat4_1720536751154_24_26,StdCat4,M,perf-test13-alpha,perfprod6
std_StdCat4_1720592085361_24_51,StdCat4,M,perf-test13-alpha,perfprod6
std_StdCat4_1720604721270_21_34,StdCat4,L,perf-test13-alpha,perfprod6
std_StdCat4_1720605431931_26_21,StdCat4,H1,perf-test13-alpha,perfprod6
std_StdCat4_1720537119703_26_1,StdCat4,H1,perf-test13-alpha,perfprod6
std_StdCat4_1721028844766_26_21,StdCat4,H1,perf-test13-alpha,perfprod6
std_StdCat4_1720688508337_28_84,StdCat4,H2,perf-test13-alpha,perfprod6
std_StdCat4_1720621231901_24_65,StdCat4,M,perf-test13-alpha,perfprod6
std_StdCat4_1720759805634_22_19,StdCat4,L,perf-test13-alpha,perfprod6
std_StdCat4_1720592227509_25_44,StdCat4,M,perf-test13-alpha,perfprod6
std_StdCat2_1720589668306_7_14,StdCat2,H1,perf-test3-alpha,perfprod110
std_StdCat4_1720706350895_26_98,StdCat4,H1,perf-test13-alpha,perfprod6
std_StdCat2_1720589668306_7_9,StdCat2,H1,perf-test3-alpha,perfprod110
std_StdCat4_1721028702659_25_58,StdCat4,M,perf-test13-alpha,perfprod6
std_StdCat4_1720536198342_21_25,StdCat4,L,perf-test13-alpha,perfprod6
std_StdCat3_1720591090103_17_52,StdCat3,H1,perf-test6-alpha,perfprod109
std_StdCat2_1720589099559_3_6,StdCat2,L,perf-test3-alpha,perfprod110
std_StdCat4_1720716236878_29_94,StdCat4,H2,perf-test13-alpha,perfprod6
std_StdCat3_1720603726357_14_36,StdCat3,L,perf-test6-alpha,perfprod109
std_StdCat4_1720605289793_25_1,StdCat4,M,perf-test13-alpha,perfprod6
std_StdCat2_1720589952674_9_26,StdCat2,H2,perf-test3-alpha,perfprod110
std_StdCat4_1720687939771_24_56,StdCat4,M,perf-test13-alpha,perfprod6
std_StdCat4_1720620947641_22_25,StdCat4,L,perf-test13-alpha,perfprod6
std_StdCat4_1720621231901_24_23,StdCat4,M,perf-test13-alpha,perfprod6
std_StdCat4_1721028134162_21_48,StdCat4,L,perf-test13-alpha,perfprod6
std_StdCat4_1721028560539_24_65,StdCat4,M,perf-test13-alpha,perfprod6
std_StdCat2_1720602305053_4_28,StdCat2,L,perf-test3-alpha,perfprod110
std_StdCat4_1720605716187_28_118,StdCat4,H2,perf-test13-alpha,perfprod6
std_StdCat4_1720688508337_28_132,StdCat4,H2,perf-test13-alpha,perfprod6
std_StdCat4_1720621516161_26_13,StdCat4,H1,perf-test13-alpha,perfprod6
std_StdCat4_1720760232000_25_4,StdCat4,M,perf-test13-alpha,perfprod6
std_StdCat4_1720687939771_24_75,StdCat4,M,perf-test13-alpha,perfprod6
std_StdCat4_1720706777350_29_12,StdCat4,H2,perf-test13-alpha,perfprod6
std_StdCat4_1720706350895_26_33,StdCat4,H1,perf-test13-alpha,perfprod6
std_StdCat4_1720621374035_25_1,StdCat4,M,perf-test13-alpha,perfprod6
std_StdCat4_1720687939771_24_30,StdCat4,M,perf-test13-alpha,perfprod6
std_StdCat4_1720536935422_25_45,StdCat4,M,perf-test13-alpha,perfprod6
std_StdCat4_1720621516161_26_74,StdCat4,H1,perf-test13-alpha,perfprod6
std_StdCat4_1720592369672_26_34,StdCat4,H1,perf-test13-alpha,perfprod6
std_StdCat4_1721028986894_27_28,StdCat4,H1,perf-test13-alpha,perfprod6
std_StdCat4_1720621800418_28_50,StdCat4,H2,perf-test13-alpha,perfprod6
std_StdCat4_1720536751154_24_52,StdCat4,M,perf-test13-alpha,perfprod6
std_StdCat4_1720706777350_29_147,StdCat4,H2,perf-test13-alpha,perfprod6
std_StdCat4_1720772902723_21_34,StdCat4,L,perf-test13-alpha,perfprod6
std_StdCat4_1720706777350_29_39,StdCat4,H2,perf-test13-alpha,perfprod6
std_StdCat4_1720706777350_29_79,StdCat4,H2,perf-test13-alpha,perfprod6
std_StdCat4_1720605005527_23_45,StdCat4,L,perf-test13-alpha,perfprod6
std_StdCat4_1720620805510_21_15,StdCat4,L,perf-test13-alpha,perfprod6
std_StdCat4_1720687513355_21_5,StdCat4,L,perf-test13-alpha,perfprod6
std_StdCat4_1720760232000_25_20,StdCat4,M,perf-test13-alpha,perfprod6
std_StdCat4_1721028276298_22_26,StdCat4,L,perf-test13-alpha,perfprod6
std_StdCat4_1720537119703_26_89,StdCat4,H1,perf-test13-alpha,perfprod6
std_StdCat4_1720716094725_28_5,StdCat4,H2,perf-test13-alpha,perfprod6
std_StdCat4_1720604863403_22_47,StdCat4,L,perf-test13-alpha,perfprod6
std_StdCat4_1720536751154_24_28,StdCat4,M,perf-test13-alpha,perfprod6
std_StdCat4_1721028986894_27_85,StdCat4,H1,perf-test13-alpha,perfprod6
std_StdCat4_1720705640239_21_15,StdCat4,L,perf-test13-alpha,perfprod6
std_StdCat4_1720706350895_26_48,StdCat4,H1,perf-test13-alpha,perfprod6
std_StdCat4_1720706208765_25_5,StdCat4,M,perf-test13-alpha,perfprod6
std_StdCat4_1720773471282_25_44,StdCat4,M,perf-test13-alpha,perfprod6
std_StdCat4_1720592796127_29_71,StdCat4,H2,perf-test13-alpha,perfprod6
std_StdCat4_1720621658288_27_10,StdCat4,H1,perf-test13-alpha,perfprod6
std_StdCat4_1720537303993_27_90,StdCat4,H1,perf-test13-alpha,perfprod6
std_StdCat4_1720591801037_22_17,StdCat4,L,perf-test13-alpha,perfprod6
std_StdCat4_1720592796127_29_98,StdCat4,H2,perf-test13-alpha,perfprod6
std_StdCat4_1720773186990_23_50,StdCat4,L,perf-test13-alpha,perfprod6
std_StdCat4_1720773044871_22_28,StdCat4,L,perf-test13-alpha,perfprod6
std_StdCat4_1720706066635_24_3,StdCat4,M,perf-test13-alpha,perfprod6
std_StdCat5_1720592938287_30_40,StdCat5,L,perf-test17-alpha,perfprod111
std_StdCat4_1721028702659_25_49,StdCat4,M,perf-test13-alpha,perfprod6
std_StdCat4_1720706493063_27_32,StdCat4,H1,perf-test13-alpha,perfprod6
std_StdCat4_1720621516161_26_31,StdCat4,H1,perf-test13-alpha,perfprod6
std_StdCat4_1720592653976_28_149,StdCat4,H2,perf-test13-alpha,perfprod6
std_StdCat4_1721028702659_25_56,StdCat4,M,perf-test13-alpha,perfprod6
std_StdCat4_1720715099662_21_25,StdCat4,L,perf-test13-alpha,perfprod6
std_StdCat5_1720593364745_33_1,StdCat5,M,perf-test17-alpha,perfprod111
std_StdCat4_1720591801037_22_41,StdCat4,L,perf-test13-alpha,perfprod6
std_StdCat4_1720687655496_22_12,StdCat4,L,perf-test13-alpha,perfprod6
std_StdCat4_1720706208765_25_74,StdCat4,M,perf-test13-alpha,perfprod6
std_StdCat4_1720715810404_26_62,StdCat4,H1,perf-test13-alpha,perfprod6
std_StdCat4_1720592653976_28_73,StdCat4,H2,perf-test13-alpha,perfprod6
std_StdCat4_1720760232000_25_74,StdCat4,M,perf-test13-alpha,perfprod6
std_StdCat4_1720537119703_26_98,StdCat4,H1,perf-test13-alpha,perfprod6
std_StdCat4_1720706777350_29_23,StdCat4,H2,perf-test13-alpha,perfprod6
std_StdCat4_1720715952561_27_21,StdCat4,H1,perf-test13-alpha,perfprod6
std_StdCat4_1720536935422_25_6,StdCat4,M,perf-test13-alpha,perfprod6
std_StdCat4_1720592085361_24_33,StdCat4,M,perf-test13-alpha,perfprod6
std_StdCat4_1720773613416_26_16,StdCat4,H1,perf-test13-alpha,perfprod6
std_StdCat4_1720537119703_26_14,StdCat4,H1,perf-test13-alpha,perfprod6
std_StdCat4_1720688366178_27_20,StdCat4,H1,perf-test13-alpha,perfprod6
std_StdCat4_1720592796127_29_137,StdCat4,H2,perf-test13-alpha,perfprod6
std_StdCat4_1720715526107_24_44,StdCat4,M,perf-test13-alpha,perfprod6
std_StdCat4_1720759663507_21_41,StdCat4,L,perf-test13-alpha,perfprod6
std_StdCat4_1720592085361_24_59,StdCat4,M,perf-test13-alpha,perfprod6
std_StdCat4_1720760232000_25_75,StdCat4,M,perf-test13-alpha,perfprod6
std_StdCat4_1720759663507_21_37,StdCat4,L,perf-test13-alpha,perfprod6
std_StdCat4_1720592796127_29_78,StdCat4,H2,perf-test13-alpha,perfprod6
std_StdCat4_1720705782364_22_29,StdCat4,L,perf-test13-alpha,perfprod6
std_StdCat4_1720706777350_29_114,StdCat4,H2,perf-test13-alpha,perfprod6
std_StdCat4_1720773613416_26_20,StdCat4,H1,perf-test13-alpha,perfprod6
std_StdCat2_1720589526140_6_38,StdCat2,M,perf-test3-alpha,perfprod110
std_StdCat4_1720536566883_23_29,StdCat4,L,perf-test13-alpha,perfprod6
std_StdCat4_1721028134162_21_19,StdCat4,L,perf-test13-alpha,perfprod6
std_StdCat5_1720593364745_33_19,StdCat5,M,perf-test17-alpha,perfprod111
std_StdCat2_1720602305053_4_36,StdCat2,L,perf-test3-alpha,perfprod110
std_StdCat4_1720706777350_29_95,StdCat4,H2,perf-test13-alpha,perfprod6
std_StdCat3_1720603726357_14_35,StdCat3,L,perf-test6-alpha,perfprod109
std_StdCat4_1721028560539_24_34,StdCat4,M,perf-test13-alpha,perfprod6
std_StdCat4_1720706493063_27_59,StdCat4,H1,perf-test13-alpha,perfprod6
std_StdCat4_1720605858324_29_135,StdCat4,H2,perf-test13-alpha,perfprod6
std_StdCat4_1720605716187_28_43,StdCat4,H2,perf-test13-alpha,perfprod6
std_StdCat4_1720592369672_26_7,StdCat4,H1,perf-test13-alpha,perfprod6
std_StdCat4_1720536751154_24_71,StdCat4,M,perf-test13-alpha,perfprod6
std_StdCat4_1720688224048_26_18,StdCat4,H1,perf-test13-alpha,perfprod6
std_StdCat4_1721028418412_23_16,StdCat4,L,perf-test13-alpha,perfprod6
std_StdCat4_1720706493063_27_8,StdCat4,H1,perf-test13-alpha,perfprod6
std_StdCat4_1720715526107_24_63,StdCat4,M,perf-test13-alpha,perfprod6
std_StdCat4_1720760089871_24_29,StdCat4,M,perf-test13-alpha,perfprod6
std_StdCat4_1720620805510_21_14,StdCat4,L,perf-test13-alpha,perfprod6
std_StdCat4_1720605289793_25_74,StdCat4,M,perf-test13-alpha,perfprod6
std_StdCat4_1720592511825_27_66,StdCat4,H1,perf-test13-alpha,perfprod6
std_StdCat4_1720605289793_25_62,StdCat4,M,perf-test13-alpha,perfprod6
std_StdCat4_1720715668255_25_49,StdCat4,M,perf-test13-alpha,perfprod6
std_StdCat4_1720716236878_29_124,StdCat4,H2,perf-test13-alpha,perfprod6
std_StdCat2_1720602020802_2_37,StdCat2,L,perf-test3-alpha,perfprod110
std_StdCat4_1720706777350_29_53,StdCat4,H2,perf-test13-alpha,perfprod6
std_StdCat4_1720706493063_27_12,StdCat4,H1,perf-test13-alpha,perfprod6
std_StdCat4_1720715810404_26_35,StdCat4,H1,perf-test13-alpha,perfprod6
std_StdCat4_1720605289793_25_32,StdCat4,M,perf-test13-alpha,perfprod6
std_StdCat4_1720621089766_23_42,StdCat4,L,perf-test13-alpha,perfprod6
std_StdCat3_1720603584234_13_40,StdCat3,L,perf-test6-alpha,perfprod109
std_StdCat4_1720621516161_26_64,StdCat4,H1,perf-test13-alpha,perfprod6
std_StdCat4_1720687939771_24_65,StdCat4,M,perf-test13-alpha,perfprod6
std_StdCat5_1720593933417_37_5,StdCat5,H2,perf-test17-alpha,perfprod111
std_StdCat2_1720589383968_5_27,StdCat2,M,perf-test3-alpha,perfprod110
std_StdCat4_1720605716187_28_136,StdCat4,H2,perf-test13-alpha,perfprod6
std_StdCat4_1721028418412_23_34,StdCat4,L,perf-test13-alpha,perfprod6
std_StdCat4_1721028702659_25_65,StdCat4,M,perf-test13-alpha,perfprod6
std_StdCat4_1720592511825_27_82,StdCat4,H1,perf-test13-alpha,perfprod6
std_StdCat4_1720706635192_28_99,StdCat4,H2,perf-test13-alpha,perfprod6
std_StdCat4_1720592653976_28_18,StdCat4,H2,perf-test13-alpha,perfprod6
std_StdCat4_1720592653976_28_121,StdCat4,H2,perf-test13-alpha,perfprod6
std_StdCat4_1720688224048_26_11,StdCat4,H1,perf-test13-alpha,perfprod6
std_StdCat4_1720688366178_27_2,StdCat4,H1,perf-test13-alpha,perfprod6
std_StdCat4_1720621089766_23_33,StdCat4,L,perf-test13-alpha,perfprod6
std_StdCat4_1720715810404_26_4,StdCat4,H1,perf-test13-alpha,perfprod6
std_StdCat4_1720592511825_27_84,StdCat4,H1,perf-test13-alpha,perfprod6
std_StdCat4_1720621516161_26_96,StdCat4,H1,perf-test13-alpha,perfprod6
std_StdCat4_1720621942544_29_96,StdCat4,H2,perf-test13-alpha,perfprod6
std_StdCat4_1720592653976_28_137,StdCat4,H2,perf-test13-alpha,perfprod6
std_StdCat4_1720536198342_21_21,StdCat4,L,perf-test13-alpha,perfprod6
std_StdCat4_1720760516248_27_91,StdCat4,H1,perf-test13-alpha,perfprod6
std_StdCat4_1720716236878_29_52,StdCat4,H2,perf-test13-alpha,perfprod6
std_StdCat4_1721028418412_23_21,StdCat4,L,perf-test13-alpha,perfprod6
std_StdCat4_1720536198342_21_45,StdCat4,L,perf-test13-alpha,perfprod6
std_StdCat4_1720605005527_23_8,StdCat4,L,perf-test13-alpha,perfprod6
std_StdCat4_1720688224048_26_92,StdCat4,H1,perf-test13-alpha,perfprod6
std_StdCat4_1720760374126_26_25,StdCat4,H1,perf-test13-alpha,perfprod6
std_StdCat4_1720537119703_26_92,StdCat4,H1,perf-test13-alpha,perfprod6
std_StdCat4_1720605574062_27_29,StdCat4,H1,perf-test13-alpha,perfprod6
std_StdCat2_1720589383968_5_10,StdCat2,M,perf-test3-alpha,perfprod110
std_StdCat4_1720716236878_29_149,StdCat4,H2,perf-test13-alpha,perfprod6
std_StdCat4_1720605289793_25_26,StdCat4,M,perf-test13-alpha,perfprod6
std_StdCat4_1721028986894_27_91,StdCat4,H1,perf-test13-alpha,perfprod6
std_StdCat4_1720716094725_28_17,StdCat4,H2,perf-test13-alpha,perfprod6
std_StdCat4_1720621942544_29_118,StdCat4,H2,perf-test13-alpha,perfprod6
std_StdCat4_1720605574062_27_48,StdCat4,H1,perf-test13-alpha,perfprod6
std_StdCat4_1720760800493_29_14,StdCat4,H2,perf-test13-alpha,perfprod6
std_StdCat4_1720760516248_27_87,StdCat4,H1,perf-test13-alpha,perfprod6
std_StdCat4_1720621942544_29_87,StdCat4,H2,perf-test13-alpha,perfprod6
std_StdCat2_1720589526140_6_7,StdCat2,M,perf-test3-alpha,perfprod110
std_StdCat4_1720716094725_28_7,StdCat4,H2,perf-test13-alpha,perfprod6
std_StdCat4_1720716094725_28_36,StdCat4,H2,perf-test13-alpha,perfprod6
std_StdCat4_1720536382610_22_17,StdCat4,L,perf-test13-alpha,perfprod6
std_StdCat4_1720537119703_26_52,StdCat4,H1,perf-test13-alpha,perfprod6
std_StdCat4_1720716094725_28_149,StdCat4,H2,perf-test13-alpha,perfprod6
std_StdCat4_1720621942544_29_32,StdCat4,H2,perf-test13-alpha,perfprod6
std_StdCat4_1720773755569_27_53,StdCat4,H1,perf-test13-alpha,perfprod6
std_StdCat2_1720601878669_1_22,StdCat2,L,perf-test3-alpha,perfprod110
std_StdCat2_1720589383968_5_40,StdCat2,M,perf-test3-alpha,perfprod110
std_StdCat4_1720687513355_21_41,StdCat4,L,perf-test13-alpha,perfprod6
std_StdCat4_1720706066635_24_14,StdCat4,M,perf-test13-alpha,perfprod6
std_StdCat4_1720605431931_26_18,StdCat4,H1,perf-test13-alpha,perfprod6
std_StdCat4_1720592796127_29_6,StdCat4,H2,perf-test13-alpha,perfprod6
std_StdCat2_1720601878669_1_42,StdCat2,L,perf-test3-alpha,perfprod110
std_StdCat4_1720760232000_25_52,StdCat4,M,perf-test13-alpha,perfprod6
std_StdCat4_1720592796127_29_10,StdCat4,H2,perf-test13-alpha,perfprod6
std_StdCat4_1720688508337_28_145,StdCat4,H2,perf-test13-alpha,perfprod6
std_StdCat4_1720687655496_22_45,StdCat4,L,perf-test13-alpha,perfprod6
std_StdCat4_1720605716187_28_141,StdCat4,H2,perf-test13-alpha,perfprod6
std_StdCat4_1720705640239_21_27,StdCat4,L,perf-test13-alpha,perfprod6
std_StdCat4_1720688081904_25_35,StdCat4,M,perf-test13-alpha,perfprod6
std_StdCat4_1720705924490_23_3,StdCat4,L,perf-test13-alpha,perfprod6
std_StdCat4_1720706777350_29_52,StdCat4,H2,perf-test13-alpha,perfprod6
std_StdCat4_1720621942544_29_123,StdCat4,H2,perf-test13-alpha,perfprod6
std_StdCat4_1720706635192_28_129,StdCat4,H2,perf-test13-alpha,perfprod6
std_StdCat4_1720773755569_27_54,StdCat4,H1,perf-test13-alpha,perfprod6
std_StdCat4_1720773329137_24_65,StdCat4,M,perf-test13-alpha,perfprod6
std_StdCat4_1720536751154_24_62,StdCat4,M,perf-test13-alpha,perfprod6
std_StdCat4_1720621942544_29_50,StdCat4,H2,perf-test13-alpha,perfprod6
std_StdCat4_1720605431931_26_58,StdCat4,H1,perf-test13-alpha,perfprod6
std_StdCat4_1720605716187_28_21,StdCat4,H2,perf-test13-alpha,perfprod6
std_StdCat2_1720589383968_5_47,StdCat2,M,perf-test3-alpha,perfprod110
std_StdCat4_1720760658361_28_40,StdCat4,H2,perf-test13-alpha,perfprod6
std_StdCat4_1720605289793_25_4,StdCat4,M,perf-test13-alpha,perfprod6
std_StdCat4_1720688081904_25_44,StdCat4,M,perf-test13-alpha,perfprod6
std_StdCat4_1720760089871_24_48,StdCat4,M,perf-test13-alpha,perfprod6
std_StdCat4_1720621089766_23_32,StdCat4,L,perf-test13-alpha,perfprod6
std_StdCat4_1720621516161_26_44,StdCat4,H1,perf-test13-alpha,perfprod6
std_StdCat4_1720706777350_29_57,StdCat4,H2,perf-test13-alpha,perfprod6
std_StdCat4_1720604863403_22_9,StdCat4,L,perf-test13-alpha,perfprod6
std_StdCat4_1720605431931_26_17,StdCat4,H1,perf-test13-alpha,perfprod6
std_StdCat4_1720605431931_26_94,StdCat4,H1,perf-test13-alpha,perfprod6
std_StdCat4_1720592369672_26_40,StdCat4,H1,perf-test13-alpha,perfprod6
std_StdCat4_1720715099662_21_23,StdCat4,L,perf-test13-alpha,perfprod6
std_StdCat4_1721028702659_25_33,StdCat4,M,perf-test13-alpha,perfprod6
std_StdCat4_1720773613416_26_78,StdCat4,H1,perf-test13-alpha,perfprod6
std_StdCat4_1720760232000_25_17,StdCat4,M,perf-test13-alpha,perfprod6
std_StdCat4_1720592085361_24_20,StdCat4,M,perf-test13-alpha,perfprod6
std_StdCat2_1720601878669_1_23,StdCat2,L,perf-test3-alpha,perfprod110
std_StdCat4_1720760516248_27_42,StdCat4,H1,perf-test13-alpha,perfprod6
std_StdCat4_1720773186990_23_7,StdCat4,L,perf-test13-alpha,perfprod6
std_StdCat4_1720716094725_28_113,StdCat4,H2,perf-test13-alpha,perfprod6
std_StdCat4_1720621942544_29_127,StdCat4,H2,perf-test13-alpha,perfprod6
std_StdCat4_1720715810404_26_73,StdCat4,H1,perf-test13-alpha,perfprod6
std_StdCat4_1720773471282_25_50,StdCat4,M,perf-test13-alpha,perfprod6
std_StdCat4_1720706493063_27_10,StdCat4,H1,perf-test13-alpha,perfprod6
std_StdCat2_1720589099559_3_11,StdCat2,L,perf-test3-alpha,perfprod110
std_StdCat4_1721028844766_26_97,StdCat4,H1,perf-test13-alpha,perfprod6
std_StdCat4_1720688508337_28_56,StdCat4,H2,perf-test13-alpha,perfprod6
std_StdCat4_1720715668255_25_59,StdCat4,M,perf-test13-alpha,perfprod6
std_StdCat4_1720621089766_23_45,StdCat4,L,perf-test13-alpha,perfprod6
std_StdCat4_1720688650462_29_95,StdCat4,H2,perf-test13-alpha,perfprod6
std_StdCat4_1720773613416_26_36,StdCat4,H1,perf-test13-alpha,perfprod6
std_StdCat5_1720592938287_30_35,StdCat5,L,perf-test17-alpha,perfprod111
std_StdCat4_1720706350895_26_36,StdCat4,H1,perf-test13-alpha,perfprod6
std_StdCat4_1720760516248_27_90,StdCat4,H1,perf-test13-alpha,perfprod6
std_StdCat4_1720605147676_24_14,StdCat4,M,perf-test13-alpha,perfprod6
std_StdCat2_1720602162939_3_41,StdCat2,L,perf-test3-alpha,perfprod110
std_StdCat2_1720589383968_5_75,StdCat2,M,perf-test3-alpha,perfprod110
std_StdCat3_1720591090103_17_53,StdCat3,H1,perf-test6-alpha,perfprod109
std_StdCat4_1720620947641_22_7,StdCat4,L,perf-test13-alpha,perfprod6
std_StdCat2_1720589099559_3_21,StdCat2,L,perf-test3-alpha,perfprod110
std_StdCat2_1720589241780_4_23,StdCat2,L,perf-test3-alpha,perfprod110
std_StdCat4_1720688508337_28_4,StdCat4,H2,perf-test13-alpha,perfprod6
std_StdCat4_1720621800418_28_7,StdCat4,H2,perf-test13-alpha,perfprod6
std_StdCat4_1720706350895_26_26,StdCat4,H1,perf-test13-alpha,perfprod6
std_StdCat4_1720773613416_26_9,StdCat4,H1,perf-test13-alpha,perfprod6
std_StdCat4_1720760658361_28_122,StdCat4,H2,perf-test13-alpha,perfprod6
std_StdCat4_1720706777350_29_24,StdCat4,H2,perf-test13-alpha,perfprod6
std_StdCat4_1720605858324_29_84,StdCat4,H2,perf-test13-alpha,perfprod6
std_StdCat4_1720773755569_27_6,StdCat4,H1,perf-test13-alpha,perfprod6
std_StdCat4_1720716094725_28_55,StdCat4,H2,perf-test13-alpha,perfprod6
std_StdCat4_1720687939771_24_15,StdCat4,M,perf-test13-alpha,perfprod6
std_StdCat4_1720760658361_28_67,StdCat4,H2,perf-test13-alpha,perfprod6
std_StdCat4_1720592796127_29_65,StdCat4,H2,perf-test13-alpha,perfprod6
std_StdCat2_1720588815195_1_37,StdCat2,L,perf-test3-alpha,perfprod110
std_StdCat4_1720688366178_27_53,StdCat4,H1,perf-test13-alpha,perfprod6
std_StdCat4_1720537119703_26_5,StdCat4,H1,perf-test13-alpha,perfprod6
std_StdCat4_1720716094725_28_58,StdCat4,H2,perf-test13-alpha,perfprod6
std_StdCat4_1720592511825_27_23,StdCat4,H1,perf-test13-alpha,perfprod6
std_StdCat4_1720760658361_28_10,StdCat4,H2,perf-test13-alpha,perfprod6
std_StdCat2_1720588815195_1_5,StdCat2,L,perf-test3-alpha,perfprod110
std_StdCat4_1720536935422_25_36,StdCat4,M,perf-test13-alpha,perfprod6
std_StdCat4_1720715099662_21_24,StdCat4,L,perf-test13-alpha,perfprod6
std_StdCat4_1720536751154_24_18,StdCat4,M,perf-test13-alpha,perfprod6
std_StdCat5_1720592938287_30_48,StdCat5,L,perf-test17-alpha,perfprod111
std_StdCat4_1720537303993_27_37,StdCat4,H1,perf-test13-alpha,perfprod6
std_StdCat4_1720536935422_25_53,StdCat4,M,perf-test13-alpha,perfprod6
std_StdCat4_1720760089871_24_52,StdCat4,M,perf-test13-alpha,perfprod6
std_StdCat5_1720592938287_30_47,StdCat5,L,perf-test17-alpha,perfprod111
std_StdCat4_1720773186990_23_1,StdCat4,L,perf-test13-alpha,perfprod6
std_StdCat2_1720601878669_1_34,StdCat2,L,perf-test3-alpha,perfprod110
std_StdCat4_1720620805510_21_39,StdCat4,L,perf-test13-alpha,perfprod6
std_StdCat2_1720602020802_2_11,StdCat2,L,perf-test3-alpha,perfprod110
std_StdCat4_1720688508337_28_35,StdCat4,H2,perf-test13-alpha,perfprod6
std_StdCat4_1721028702659_25_1,StdCat4,M,perf-test13-alpha,perfprod6
std_StdCat4_1720605289793_25_6,StdCat4,M,perf-test13-alpha,perfprod6
std_StdCat5_1720593933417_37_1,StdCat5,H2,perf-test17-alpha,perfprod111
std_StdCat4_1720716236878_29_45,StdCat4,H2,perf-test13-alpha,perfprod6
std_StdCat4_1720536566883_23_24,StdCat4,L,perf-test13-alpha,perfprod6
std_StdCat4_1720621942544_29_143,StdCat4,H2,perf-test13-alpha,perfprod6
std_StdCat4_1720716236878_29_17,StdCat4,H2,perf-test13-alpha,perfprod6
std_StdCat4_1720760374126_26_11,StdCat4,H1,perf-test13-alpha,perfprod6
std_StdCat4_1720772902723_21_20,StdCat4,L,perf-test13-alpha,perfprod6
std_StdCat4_1720592085361_24_23,StdCat4,M,perf-test13-alpha,perfprod6
std_StdCat4_1720605574062_27_94,StdCat4,H1,perf-test13-alpha,perfprod6
std_StdCat4_1720536566883_23_33,StdCat4,L,perf-test13-alpha,perfprod6
std_StdCat4_1720621942544_29_112,StdCat4,H2,perf-test13-alpha,perfprod6
std_StdCat2_1720589099559_3_29,StdCat2,L,perf-test3-alpha,perfprod110
std_StdCat3_1720590805751_15_73,StdCat3,M,perf-test6-alpha,perfprod109
std_StdCat4_1720605431931_26_76,StdCat4,H1,perf-test13-alpha,perfprod6
std_StdCat3_1720590947937_16_39,StdCat3,M,perf-test6-alpha,perfprod109
std_StdCat4_1720688224048_26_94,StdCat4,H1,perf-test13-alpha,perfprod6
std_StdCat4_1720715526107_24_51,StdCat4,M,perf-test13-alpha,perfprod6
std_StdCat4_1720688650462_29_10,StdCat4,H2,perf-test13-alpha,perfprod6
std_StdCat4_1720605716187_28_50,StdCat4,H2,perf-test13-alpha,perfprod6
std_StdCat2_1720589383968_5_42,StdCat2,M,perf-test3-alpha,perfprod110
std_StdCat3_1720590521389_13_15,StdCat3,L,perf-test6-alpha,perfprod109
std_StdCat4_1720621800418_28_72,StdCat4,H2,perf-test13-alpha,perfprod6
std_StdCat4_1720706777350_29_106,StdCat4,H2,perf-test13-alpha,perfprod6
std_StdCat2_1720589383968_5_18,StdCat2,M,perf-test3-alpha,perfprod110
std_StdCat2_1720589099559_3_14,StdCat2,L,perf-test3-alpha,perfprod110
std_StdCat4_1720592511825_27_72,StdCat4,H1,perf-test13-alpha,perfprod6
std_StdCat2_1720589383968_5_50,StdCat2,M,perf-test3-alpha,perfprod110
std_StdCat4_1720706493063_27_16,StdCat4,H1,perf-test13-alpha,perfprod6
std_StdCat3_1720590805751_15_21,StdCat3,M,perf-test6-alpha,perfprod109
std_StdCat3_1720603584234_13_17,StdCat3,L,perf-test6-alpha,perfprod109
std_StdCat4_1720537303993_27_25,StdCat4,H1,perf-test13-alpha,perfprod6
std_StdCat4_1720688366178_27_80,StdCat4,H1,perf-test13-alpha,perfprod6
std_StdCat4_1720760232000_25_7,StdCat4,M,perf-test13-alpha,perfprod6
std_StdCat4_1720592796127_29_55,StdCat4,H2,perf-test13-alpha,perfprod6
std_StdCat4_1720706777350_29_136,StdCat4,H2,perf-test13-alpha,perfprod6
std_StdCat2_1720589952674_9_12,StdCat2,H2,perf-test3-alpha,perfprod110
std_StdCat4_1720706493063_27_20,StdCat4,H1,perf-test13-alpha,perfprod6
std_StdCat4_1720688224048_26_27,StdCat4,H1,perf-test13-alpha,perfprod6
std_StdCat4_1720592227509_25_27,StdCat4,M,perf-test13-alpha,perfprod6
std_StdCat4_1720592369672_26_93,StdCat4,H1,perf-test13-alpha,perfprod6
std_StdCat4_1720605716187_28_10,StdCat4,H2,perf-test13-alpha,perfprod6
std_StdCat5_1720592938287_30_19,StdCat5,L,perf-test17-alpha,perfprod111
std_StdCat4_1720706635192_28_68,StdCat4,H2,perf-test13-alpha,perfprod6
std_StdCat2_1720589952674_9_21,StdCat2,H2,perf-test3-alpha,perfprod110
std_StdCat4_1720621942544_29_69,StdCat4,H2,perf-test13-alpha,perfprod6
std_StdCat4_1720605005527_23_33,StdCat4,L,perf-test13-alpha,perfprod6
std_StdCat4_1720537303993_27_60,StdCat4,H1,perf-test13-alpha,perfprod6
std_StdCat2_1720588815195_1_48,StdCat2,L,perf-test3-alpha,perfprod110
std_StdCat5_1720593364745_33_8,StdCat5,M,perf-test17-alpha,perfprod111
std_StdCat4_1721028560539_24_72,StdCat4,M,perf-test13-alpha,perfprod6
std_StdCat4_1720621658288_27_52,StdCat4,H1,perf-test13-alpha,perfprod6
std_StdCat4_1720716094725_28_2,StdCat4,H2,perf-test13-alpha,perfprod6
std_StdCat5_1720593080438_31_13,StdCat5,L,perf-test17-alpha,perfprod111
std_StdCat4_1720706777350_29_117,StdCat4,H2,perf-test13-alpha,perfprod6
std_StdCat2_1720602162939_3_40,StdCat2,L,perf-test3-alpha,perfprod110
std_StdCat4_1720760658361_28_96,StdCat4,H2,perf-test13-alpha,perfprod6
std_StdCat4_1720760516248_27_46,StdCat4,H1,perf-test13-alpha,perfprod6
std_StdCat4_1720537119703_26_11,StdCat4,H1,perf-test13-alpha,perfprod6
std_StdCat4_1720621516161_26_41,StdCat4,H1,perf-test13-alpha,perfprod6
std_StdCat4_1720621658288_27_66,StdCat4,H1,perf-test13-alpha,perfprod6
std_StdCat2_1720601878669_1_31,StdCat2,L,perf-test3-alpha,perfprod110
std_StdCat4_1720592796127_29_139,StdCat4,H2,perf-test13-alpha,perfprod6
std_StdCat4_1720705640239_21_36,StdCat4,L,perf-test13-alpha,perfprod6
std_StdCat4_1720592653976_28_120,StdCat4,H2,perf-test13-alpha,perfprod6
std_StdCat4_1721028560539_24_61,StdCat4,M,perf-test13-alpha,perfprod6
std_StdCat4_1720592653976_28_48,StdCat4,H2,perf-test13-alpha,perfprod6
std_StdCat4_1720605716187_28_130,StdCat4,H2,perf-test13-alpha,perfprod6
std_StdCat4_1720760232000_25_54,StdCat4,M,perf-test13-alpha,perfprod6
std_StdCat2_1720589241780_4_5,StdCat2,L,perf-test3-alpha,perfprod110
std_StdCat4_1720687797636_23_27,StdCat4,L,perf-test13-alpha,perfprod6
std_StdCat4_1720706208765_25_33,StdCat4,M,perf-test13-alpha,perfprod6
std_StdCat4_1720621942544_29_34,StdCat4,H2,perf-test13-alpha,perfprod6
std_StdCat4_1720705640239_21_22,StdCat4,L,perf-test13-alpha,perfprod6
std_StdCat4_1720605716187_28_5,StdCat4,H2,perf-test13-alpha,perfprod6
std_StdCat2_1720602020802_2_48,StdCat2,L,perf-test3-alpha,perfprod110
std_StdCat4_1721028134162_21_49,StdCat4,L,perf-test13-alpha,perfprod6
std_StdCat4_1720605147676_24_74,StdCat4,M,perf-test13-alpha,perfprod6
std_StdCat4_1721028986894_27_29,StdCat4,H1,perf-test13-alpha,perfprod6
std_StdCat3_1720590663528_14_12,StdCat3,L,perf-test6-alpha,perfprod109
std_StdCat4_1720605574062_27_18,StdCat4,H1,perf-test13-alpha,perfprod6
std_StdCat2_1720589526140_6_29,StdCat2,M,perf-test3-alpha,perfprod110
std_StdCat4_1720605431931_26_46,StdCat4,H1,perf-test13-alpha,perfprod6
std_StdCat4_1720760658361_28_9,StdCat4,H2,perf-test13-alpha,perfprod6
std_StdCat4_1720759663507_21_42,StdCat4,L,perf-test13-alpha,perfprod6
std_StdCat4_1720773755569_27_64,StdCat4,H1,perf-test13-alpha,perfprod6
std_StdCat2_1720588815195_1_28,StdCat2,L,perf-test3-alpha,perfprod110
std_StdCat4_1721028844766_26_46,StdCat4,H1,perf-test13-alpha,perfprod6
std_StdCat4_1720773755569_27_39,StdCat4,H1,perf-test13-alpha,perfprod6
std_StdCat4_1720688366178_27_88,StdCat4,H1,perf-test13-alpha,perfprod6
std_StdCat4_1720536198342_21_35,StdCat4,L,perf-test13-alpha,perfprod6
std_StdCat4_1720687939771_24_19,StdCat4,M,perf-test13-alpha,perfprod6
std_StdCat3_1720603726357_14_21,StdCat3,L,perf-test6-alpha,perfprod109
std_StdCat4_1720773329137_24_23,StdCat4,M,perf-test13-alpha,perfprod6
std_StdCat4_1720592653976_28_134,StdCat4,H2,perf-test13-alpha,perfprod6
std_StdCat4_1720688366178_27_61,StdCat4,H1,perf-test13-alpha,perfprod6
std_StdCat4_1720773755569_27_51,StdCat4,H1,perf-test13-alpha,perfprod6
std_StdCat4_1720591658879_21_43,StdCat4,L,perf-test13-alpha,perfprod6
std_StdCat5_1720592938287_30_10,StdCat5,L,perf-test17-alpha,perfprod111
std_StdCat4_1720605716187_28_18,StdCat4,H2,perf-test13-alpha,perfprod6
std_StdCat5_1720593933417_37_4,StdCat5,H2,perf-test17-alpha,perfprod111
std_StdCat4_1720688650462_29_2,StdCat4,H2,perf-test13-alpha,perfprod6
std_StdCat4_1720688224048_26_95,StdCat4,H1,perf-test13-alpha,perfprod6
std_StdCat3_1720590947937_16_15,StdCat3,M,perf-test6-alpha,perfprod109
std_StdCat4_1720592796127_29_146,StdCat4,H2,perf-test13-alpha,perfprod6
std_StdCat4_1720604721270_21_41,StdCat4,L,perf-test13-alpha,perfprod6
std_StdCat4_1720605716187_28_41,StdCat4,H2,perf-test13-alpha,perfprod6
std_StdCat4_1720621942544_29_52,StdCat4,H2,perf-test13-alpha,perfprod6
std_StdCat2_1720589241780_4_24,StdCat2,L,perf-test3-alpha,perfprod110
std_StdCat4_1720688508337_28_29,StdCat4,H2,perf-test13-alpha,perfprod6
std_StdCat4_1720621942544_29_82,StdCat4,H2,perf-test13-alpha,perfprod6
std_StdCat4_1720620805510_21_5,StdCat4,L,perf-test13-alpha,perfprod6
std_StdCat4_1720688366178_27_19,StdCat4,H1,perf-test13-alpha,perfprod6
std_StdCat4_1720715952561_27_80,StdCat4,H1,perf-test13-alpha,perfprod6
std_StdCat3_1720591090103_17_41,StdCat3,H1,perf-test6-alpha,perfprod109
std_StdCat4_1720536198342_21_44,StdCat4,L,perf-test13-alpha,perfprod6
std_StdCat4_1720620947641_22_8,StdCat4,L,perf-test13-alpha,perfprod6
std_StdCat4_1720688650462_29_140,StdCat4,H2,perf-test13-alpha,perfprod6
std_StdCat4_1720688650462_29_41,StdCat4,H2,perf-test13-alpha,perfprod6
std_StdCat4_1720604863403_22_12,StdCat4,L,perf-test13-alpha,perfprod6
std_StdCat3_1720603442099_12_23,StdCat3,L,perf-test6-alpha,perfprod109
std_StdCat4_1720759663507_21_24,StdCat4,L,perf-test13-alpha,perfprod6
std_StdCat5_1720593933417_37_2,StdCat5,H2,perf-test17-alpha,perfprod111
std_StdCat4_1720772902723_21_22,StdCat4,L,perf-test13-alpha,perfprod6
std_StdCat4_1720605431931_26_24,StdCat4,H1,perf-test13-alpha,perfprod6
std_StdCat4_1720536198342_21_24,StdCat4,L,perf-test13-alpha,perfprod6
std_StdCat4_1720772902723_21_33,StdCat4,L,perf-test13-alpha,perfprod6
std_StdCat4_1720759805634_22_42,StdCat4,L,perf-test13-alpha,perfprod6
std_StdCat3_1720591090103_17_30,StdCat3,H1,perf-test6-alpha,perfprod109
std_StdCat4_1720760658361_28_47,StdCat4,H2,perf-test13-alpha,perfprod6
std_StdCat4_1720760374126_26_7,StdCat4,H1,perf-test13-alpha,perfprod6
std_StdCat4_1720591943211_23_19,StdCat4,L,perf-test13-alpha,perfprod6
std_StdCat4_1720620805510_21_49,StdCat4,L,perf-test13-alpha,perfprod6
std_StdCat4_1720706777350_29_86,StdCat4,H2,perf-test13-alpha,perfprod6
std_StdCat4_1720715668255_25_31,StdCat4,M,perf-test13-alpha,perfprod6
std_StdCat4_1720715099662_21_31,StdCat4,L,perf-test13-alpha,perfprod6
std_StdCat4_1720592511825_27_87,StdCat4,H1,perf-test13-alpha,perfprod6
std_StdCat5_1720592938287_30_11,StdCat5,L,perf-test17-alpha,perfprod111
std_StdCat4_1720621374035_25_43,StdCat4,M,perf-test13-alpha,perfprod6
std_StdCat4_1720592653976_28_136,StdCat4,H2,perf-test13-alpha,perfprod6
std_StdCat4_1720604863403_22_34,StdCat4,L,perf-test13-alpha,perfprod6
std_StdCat4_1720605431931_26_88,StdCat4,H1,perf-test13-alpha,perfprod6
std_StdCat4_1720716094725_28_16,StdCat4,H2,perf-test13-alpha,perfprod6
std_StdCat4_1720773613416_26_30,StdCat4,H1,perf-test13-alpha,perfprod6
std_StdCat4_1720716094725_28_11,StdCat4,H2,perf-test13-alpha,perfprod6
std_StdCat4_1720760374126_26_53,StdCat4,H1,perf-test13-alpha,perfprod6
std_StdCat4_1720715952561_27_49,StdCat4,H1,perf-test13-alpha,perfprod6
std_StdCat3_1720590237032_11_21,StdCat3,L,perf-test6-alpha,perfprod109
std_StdCat4_1720760374126_26_20,StdCat4,H1,perf-test13-alpha,perfprod6
std_StdCat4_1720536751154_24_12,StdCat4,M,perf-test13-alpha,perfprod6
std_StdCat4_1720605716187_28_70,StdCat4,H2,perf-test13-alpha,perfprod6
std_StdCat4_1720592796127_29_42,StdCat4,H2,perf-test13-alpha,perfprod6
std_StdCat4_1720621089766_23_1,StdCat4,L,perf-test13-alpha,perfprod6
std_StdCat4_1720536935422_25_16,StdCat4,M,perf-test13-alpha,perfprod6
std_StdCat2_1720601878669_1_13,StdCat2,L,perf-test3-alpha,perfprod110
std_StdCat4_1720715952561_27_83,StdCat4,H1,perf-test13-alpha,perfprod6
std_StdCat4_1720715952561_27_66,StdCat4,H1,perf-test13-alpha,perfprod6
std_StdCat4_1720592369672_26_84,StdCat4,H1,perf-test13-alpha,perfprod6
std_StdCat4_1720760658361_28_66,StdCat4,H2,perf-test13-alpha,perfprod6
std_StdCat2_1720589526140_6_39,StdCat2,M,perf-test3-alpha,perfprod110
std_StdCat4_1720773613416_26_95,StdCat4,H1,perf-test13-alpha,perfprod6
std_StdCat4_1720537119703_26_9,StdCat4,H1,perf-test13-alpha,perfprod6
std_StdCat3_1720603584234_13_21,StdCat3,L,perf-test6-alpha,perfprod109
std_StdCat4_1720715810404_26_9,StdCat4,H1,perf-test13-alpha,perfprod6
std_StdCat4_1720688650462_29_90,StdCat4,H2,perf-test13-alpha,perfprod6
std_StdCat4_1720592511825_27_36,StdCat4,H1,perf-test13-alpha,perfprod6
std_StdCat4_1720621516161_26_69,StdCat4,H1,perf-test13-alpha,perfprod6
std_StdCat4_1721028276298_22_18,StdCat4,L,perf-test13-alpha,perfprod6
std_StdCat4_1720715952561_27_11,StdCat4,H1,perf-test13-alpha,perfprod6
std_StdCat4_1720592796127_29_100,StdCat4,H2,perf-test13-alpha,perfprod6
std_StdCat4_1720688508337_28_119,StdCat4,H2,perf-test13-alpha,perfprod6
std_StdCat4_1720688508337_28_27,StdCat4,H2,perf-test13-alpha,perfprod6
std_StdCat4_1720621658288_27_54,StdCat4,H1,perf-test13-alpha,perfprod6
std_StdCat4_1720773471282_25_1,StdCat4,M,perf-test13-alpha,perfprod6
std_StdCat4_1720688650462_29_24,StdCat4,H2,perf-test13-alpha,perfprod6
std_StdCat4_1720621089766_23_17,StdCat4,L,perf-test13-alpha,perfprod6
std_StdCat2_1720602305053_4_38,StdCat2,L,perf-test3-alpha,perfprod110
std_StdCat3_1720590237032_11_8,StdCat3,L,perf-test6-alpha,perfprod109
std_StdCat4_1720687939771_24_62,StdCat4,M,perf-test13-alpha,perfprod6
std_StdCat4_1720621658288_27_79,StdCat4,H1,perf-test13-alpha,perfprod6
std_StdCat4_1720605574062_27_89,StdCat4,H1,perf-test13-alpha,perfprod6
std_StdCat4_1720773471282_25_21,StdCat4,M,perf-test13-alpha,perfprod6
std_StdCat4_1720621942544_29_65,StdCat4,H2,perf-test13-alpha,perfprod6
std_StdCat3_1720590663528_14_11,StdCat3,L,perf-test6-alpha,perfprod109
std_StdCat2_1720589383968_5_2,StdCat2,M,perf-test3-alpha,perfprod110
std_StdCat4_1720716236878_29_33,StdCat4,H2,perf-test13-alpha,perfprod6
std_StdCat4_1721028986894_27_76,StdCat4,H1,perf-test13-alpha,perfprod6
std_StdCat4_1720688366178_27_56,StdCat4,H1,perf-test13-alpha,perfprod6
std_StdCat4_1720605574062_27_38,StdCat4,H1,perf-test13-alpha,perfprod6
std_StdCat4_1720604721270_21_19,StdCat4,L,perf-test13-alpha,perfprod6
std_StdCat3_1720590237032_11_48,StdCat3,L,perf-test6-alpha,perfprod109
std_StdCat4_1720536198342_21_47,StdCat4,L,perf-test13-alpha,perfprod6
std_StdCat4_1720604721270_21_39,StdCat4,L,perf-test13-alpha,perfprod6
std_StdCat4_1720760658361_28_101,StdCat4,H2,perf-test13-alpha,perfprod6
std_StdCat4_1720621942544_29_80,StdCat4,H2,perf-test13-alpha,perfprod6
std_StdCat4_1720715952561_27_43,StdCat4,H1,perf-test13-alpha,perfprod6
std_StdCat4_1720716236878_29_110,StdCat4,H2,perf-test13-alpha,perfprod6
std_StdCat4_1720773186990_23_37,StdCat4,L,perf-test13-alpha,perfprod6
std_StdCat4_1720621374035_25_36,StdCat4,M,perf-test13-alpha,perfprod6
std_StdCat4_1720773329137_24_6,StdCat4,M,perf-test13-alpha,perfprod6
std_StdCat4_1720773471282_25_45,StdCat4,M,perf-test13-alpha,perfprod6
std_StdCat4_1720715952561_27_56,StdCat4,H1,perf-test13-alpha,perfprod6
std_StdCat3_1720590379199_12_34,StdCat3,L,perf-test6-alpha,perfprod109
std_StdCat4_1720706777350_29_124,StdCat4,H2,perf-test13-alpha,perfprod6
std_StdCat4_1720621231901_24_11,StdCat4,M,perf-test13-alpha,perfprod6
std_StdCat2_1720589383968_5_70,StdCat2,M,perf-test3-alpha,perfprod110
std_StdCat4_1720605147676_24_13,StdCat4,M,perf-test13-alpha,perfprod6
std_StdCat2_1720589526140_6_8,StdCat2,M,perf-test3-alpha,perfprod110
std_StdCat4_1720605431931_26_89,StdCat4,H1,perf-test13-alpha,perfprod6
std_StdCat4_1720537303993_27_84,StdCat4,H1,perf-test13-alpha,perfprod6
std_StdCat4_1720592369672_26_69,StdCat4,H1,perf-test13-alpha,perfprod6
std_StdCat3_1720603726357_14_11,StdCat3,L,perf-test6-alpha,perfprod109
std_StdCat4_1720687655496_22_43,StdCat4,L,perf-test13-alpha,perfprod6
std_StdCat4_1720687797636_23_9,StdCat4,L,perf-test13-alpha,perfprod6
std_StdCat4_1720715383961_23_34,StdCat4,L,perf-test13-alpha,perfprod6
std_StdCat2_1720589668306_7_47,StdCat2,H1,perf-test3-alpha,perfprod110
std_StdCat4_1720592796127_29_58,StdCat4,H2,perf-test13-alpha,perfprod6
std_StdCat4_1720688508337_28_131,StdCat4,H2,perf-test13-alpha,perfprod6
std_StdCat4_1720592796127_29_140,StdCat4,H2,perf-test13-alpha,perfprod6
std_StdCat4_1720621374035_25_64,StdCat4,M,perf-test13-alpha,perfprod6
std_StdCat4_1720592511825_27_54,StdCat4,H1,perf-test13-alpha,perfprod6
std_StdCat3_1720590947937_16_7,StdCat3,M,perf-test6-alpha,perfprod109
std_StdCat4_1720605716187_28_137,StdCat4,H2,perf-test13-alpha,perfprod6
std_StdCat4_1720688508337_28_17,StdCat4,H2,perf-test13-alpha,perfprod6
std_StdCat4_1720592085361_24_6,StdCat4,M,perf-test13-alpha,perfprod6
std_StdCat4_1720716094725_28_104,StdCat4,H2,perf-test13-alpha,perfprod6
std_StdCat4_1720592511825_27_39,StdCat4,H1,perf-test13-alpha,perfprod6
std_StdCat4_1720604721270_21_24,StdCat4,L,perf-test13-alpha,perfprod6
std_StdCat4_1720688508337_28_138,StdCat4,H2,perf-test13-alpha,perfprod6
std_StdCat4_1720688366178_27_64,StdCat4,H1,perf-test13-alpha,perfprod6
std_StdCat4_1720759663507_21_27,StdCat4,L,perf-test13-alpha,perfprod6
std_StdCat4_1720706350895_26_58,StdCat4,H1,perf-test13-alpha,perfprod6
std_StdCat4_1720759663507_21_44,StdCat4,L,perf-test13-alpha,perfprod6
std_StdCat4_1720760516248_27_47,StdCat4,H1,perf-test13-alpha,perfprod6
std_StdCat4_1720688508337_28_110,StdCat4,H2,perf-test13-alpha,perfprod6
std_StdCat4_1720688366178_27_73,StdCat4,H1,perf-test13-alpha,perfprod6
std_StdCat4_1720604721270_21_36,StdCat4,L,perf-test13-alpha,perfprod6
std_StdCat4_1720605858324_29_54,StdCat4,H2,perf-test13-alpha,perfprod6
std_StdCat4_1720706777350_29_143,StdCat4,H2,perf-test13-alpha,perfprod6
std_StdCat4_1720760089871_24_5,StdCat4,M,perf-test13-alpha,perfprod6
std_StdCat2_1720589668306_7_11,StdCat2,H1,perf-test3-alpha,perfprod110
std_StdCat5_1720593649090_35_2,StdCat5,H1,perf-test17-alpha,perfprod111
std_StdCat4_1720760516248_27_16,StdCat4,H1,perf-test13-alpha,perfprod6
std_StdCat4_1720716236878_29_54,StdCat4,H2,perf-test13-alpha,perfprod6
std_StdCat4_1720772902723_21_43,StdCat4,L,perf-test13-alpha,perfprod6
std_StdCat4_1720688224048_26_100,StdCat4,H1,perf-test13-alpha,perfprod6
std_StdCat4_1720716094725_28_132,StdCat4,H2,perf-test13-alpha,perfprod6
std_StdCat4_1720715810404_26_83,StdCat4,H1,perf-test13-alpha,perfprod6
std_StdCat4_1720688366178_27_12,StdCat4,H1,perf-test13-alpha,perfprod6
std_StdCat4_1720621374035_25_42,StdCat4,M,perf-test13-alpha,perfprod6
std_StdCat4_1720760374126_26_38,StdCat4,H1,perf-test13-alpha,perfprod6
std_StdCat2_1720589241780_4_34,StdCat2,L,perf-test3-alpha,perfprod110
std_StdCat3_1720590521389_13_38,StdCat3,L,perf-test6-alpha,perfprod109
std_StdCat4_1720621942544_29_76,StdCat4,H2,perf-test13-alpha,perfprod6
std_StdCat4_1720716236878_29_111,StdCat4,H2,perf-test13-alpha,perfprod6
std_StdCat4_1720688508337_28_18,StdCat4,H2,perf-test13-alpha,perfprod6
std_StdCat4_1721028276298_22_28,StdCat4,L,perf-test13-alpha,perfprod6
std_StdCat4_1720592653976_28_19,StdCat4,H2,perf-test13-alpha,perfprod6
std_StdCat3_1720603584234_13_36,StdCat3,L,perf-test6-alpha,perfprod109
std_StdCat5_1720592938287_30_28,StdCat5,L,perf-test17-alpha,perfprod111
std_StdCat4_1720715526107_24_5,StdCat4,M,perf-test13-alpha,perfprod6
std_StdCat4_1720621658288_27_24,StdCat4,H1,perf-test13-alpha,perfprod6
std_StdCat4_1720605858324_29_58,StdCat4,H2,perf-test13-alpha,perfprod6
std_StdCat2_1720602162939_3_48,StdCat2,L,perf-test3-alpha,perfprod110
std_StdCat2_1720602020802_2_12,StdCat2,L,perf-test3-alpha,perfprod110
std_StdCat4_1720715810404_26_58,StdCat4,H1,perf-test13-alpha,perfprod6
std_StdCat4_1720759805634_22_33,StdCat4,L,perf-test13-alpha,perfprod6
std_StdCat3_1720603299969_11_36,StdCat3,L,perf-test6-alpha,perfprod109
std_StdCat4_1720705924490_23_32,StdCat4,L,perf-test13-alpha,perfprod6
std_StdCat4_1720592653976_28_10,StdCat4,H2,perf-test13-alpha,perfprod6
std_StdCat4_1720716094725_28_3,StdCat4,H2,perf-test13-alpha,perfprod6
std_StdCat4_1720688508337_28_123,StdCat4,H2,perf-test13-alpha,perfprod6
std_StdCat4_1720760374126_26_21,StdCat4,H1,perf-test13-alpha,perfprod6
std_StdCat4_1721028844766_26_71,StdCat4,H1,perf-test13-alpha,perfprod6
std_StdCat4_1720706066635_24_11,StdCat4,M,perf-test13-alpha,perfprod6
std_StdCat4_1720706493063_27_38,StdCat4,H1,perf-test13-alpha,perfprod6
std_StdCat4_1720706635192_28_119,StdCat4,H2,perf-test13-alpha,perfprod6
std_StdCat4_1720605858324_29_29,StdCat4,H2,perf-test13-alpha,perfprod6
std_StdCat4_1720688650462_29_44,StdCat4,H2,perf-test13-alpha,perfprod6
std_StdCat4_1720688650462_29_106,StdCat4,H2,perf-test13-alpha,perfprod6
std_StdCat4_1720716094725_28_125,StdCat4,H2,perf-test13-alpha,perfprod6
std_StdCat4_1720621374035_25_69,StdCat4,M,perf-test13-alpha,perfprod6
std_StdCat4_1720605289793_25_45,StdCat4,M,perf-test13-alpha,perfprod6
std_StdCat4_1720760658361_28_4,StdCat4,H2,perf-test13-alpha,perfprod6
std_StdCat4_1720591943211_23_16,StdCat4,L,perf-test13-alpha,perfprod6
std_StdCat4_1720705782364_22_50,StdCat4,L,perf-test13-alpha,perfprod6
std_StdCat3_1720590947937_16_21,StdCat3,M,perf-test6-alpha,perfprod109
std_StdCat4_1720715668255_25_75,StdCat4,M,perf-test13-alpha,perfprod6
std_StdCat4_1720592653976_28_83,StdCat4,H2,perf-test13-alpha,perfprod6
std_StdCat3_1720590521389_13_50,StdCat3,L,perf-test6-alpha,perfprod109
std_StdCat4_1720537119703_26_22,StdCat4,H1,perf-test13-alpha,perfprod6
std_StdCat4_1720592796127_29_25,StdCat4,H2,perf-test13-alpha,perfprod6
std_StdCat4_1720605574062_27_80,StdCat4,H1,perf-test13-alpha,perfprod6
std_StdCat4_1721028986894_27_20,StdCat4,H1,perf-test13-alpha,perfprod6
std_StdCat4_1721028986894_27_63,StdCat4,H1,perf-test13-alpha,perfprod6
std_StdCat4_1720537303993_27_22,StdCat4,H1,perf-test13-alpha,perfprod6
std_StdCat4_1721028844766_26_30,StdCat4,H1,perf-test13-alpha,perfprod6
std_StdCat4_1720706777350_29_77,StdCat4,H2,perf-test13-alpha,perfprod6
std_StdCat4_1720687797636_23_3,StdCat4,L,perf-test13-alpha,perfprod6
std_StdCat4_1720706493063_27_88,StdCat4,H1,perf-test13-alpha,perfprod6
std_StdCat2_1720589241780_4_46,StdCat2,L,perf-test3-alpha,perfprod110
std_StdCat4_1720605147676_24_60,StdCat4,M,perf-test13-alpha,perfprod6
std_StdCat4_1720715099662_21_11,StdCat4,L,perf-test13-alpha,perfprod6
std_StdCat4_1720591943211_23_34,StdCat4,L,perf-test13-alpha,perfprod6
std_StdCat4_1721028844766_26_85,StdCat4,H1,perf-test13-alpha,perfprod6
std_StdCat4_1720773329137_24_10,StdCat4,M,perf-test13-alpha,perfprod6
std_StdCat4_1720537119703_26_50,StdCat4,H1,perf-test13-alpha,perfprod6
std_StdCat2_1720602162939_3_26,StdCat2,L,perf-test3-alpha,perfprod110
std_StdCat4_1720759947744_23_6,StdCat4,L,perf-test13-alpha,perfprod6
std_StdCat4_1720760658361_28_94,StdCat4,H2,perf-test13-alpha,perfprod6
std_StdCat4_1720687939771_24_8,StdCat4,M,perf-test13-alpha,perfprod6
std_StdCat4_1720621942544_29_99,StdCat4,H2,perf-test13-alpha,perfprod6
std_StdCat4_1720605574062_27_93,StdCat4,H1,perf-test13-alpha,perfprod6
std_StdCat4_1720621231901_24_64,StdCat4,M,perf-test13-alpha,perfprod6
std_StdCat4_1720605858324_29_36,StdCat4,H2,perf-test13-alpha,perfprod6
std_StdCat4_1720760658361_28_97,StdCat4,H2,perf-test13-alpha,perfprod6
std_StdCat4_1720773044871_22_42,StdCat4,L,perf-test13-alpha,perfprod6
std_StdCat4_1720621942544_29_51,StdCat4,H2,perf-test13-alpha,perfprod6
std_StdCat4_1720705782364_22_38,StdCat4,L,perf-test13-alpha,perfprod6
std_StdCat3_1720590947937_16_25,StdCat3,M,perf-test6-alpha,perfprod109
std_StdCat4_1720621800418_28_64,StdCat4,H2,perf-test13-alpha,perfprod6
std_StdCat4_1720706777350_29_10,StdCat4,H2,perf-test13-alpha,perfprod6
std_StdCat4_1720715810404_26_53,StdCat4,H1,perf-test13-alpha,perfprod6
std_StdCat3_1720590947937_16_29,StdCat3,M,perf-test6-alpha,perfprod109
std_StdCat4_1720536751154_24_39,StdCat4,M,perf-test13-alpha,perfprod6
std_StdCat4_1720621800418_28_63,StdCat4,H2,perf-test13-alpha,perfprod6
std_StdCat4_1720605858324_29_122,StdCat4,H2,perf-test13-alpha,perfprod6
std_StdCat4_1720705924490_23_39,StdCat4,L,perf-test13-alpha,perfprod6
std_StdCat4_1720621942544_29_131,StdCat4,H2,perf-test13-alpha,perfprod6
std_StdCat4_1720716094725_28_88,StdCat4,H2,perf-test13-alpha,perfprod6
std_StdCat4_1721028134162_21_34,StdCat4,L,perf-test13-alpha,perfprod6
std_StdCat4_1720706777350_29_98,StdCat4,H2,perf-test13-alpha,perfprod6
std_StdCat2_1720588815195_1_39,StdCat2,L,perf-test3-alpha,perfprod110
std_StdCat4_1720715099662_21_35,StdCat4,L,perf-test13-alpha,perfprod6
std_StdCat4_1720705640239_21_38,StdCat4,L,perf-test13-alpha,perfprod6
std_StdCat4_1720715383961_23_11,StdCat4,L,perf-test13-alpha,perfprod6
std_StdCat4_1720706777350_29_63,StdCat4,H2,perf-test13-alpha,perfprod6
std_StdCat2_1720589668306_7_35,StdCat2,H1,perf-test3-alpha,perfprod110
std_StdCat4_1720687655496_22_39,StdCat4,L,perf-test13-alpha,perfprod6
std_StdCat2_1720589383968_5_16,StdCat2,M,perf-test3-alpha,perfprod110
std_StdCat2_1720602020802_2_34,StdCat2,L,perf-test3-alpha,perfprod110
std_StdCat3_1720590805751_15_35,StdCat3,M,perf-test6-alpha,perfprod109
std_StdCat4_1720716236878_29_56,StdCat4,H2,perf-test13-alpha,perfprod6
std_StdCat4_1720760089871_24_75,StdCat4,M,perf-test13-alpha,perfprod6
std_StdCat4_1720591943211_23_14,StdCat4,L,perf-test13-alpha,perfprod6
std_StdCat4_1721028560539_24_17,StdCat4,M,perf-test13-alpha,perfprod6
std_StdCat4_1720621516161_26_71,StdCat4,H1,perf-test13-alpha,perfprod6
std_StdCat2_1720602020802_2_5,StdCat2,L,perf-test3-alpha,perfprod110
std_StdCat4_1721028418412_23_35,StdCat4,L,perf-test13-alpha,perfprod6
std_StdCat4_1720715526107_24_13,StdCat4,M,perf-test13-alpha,perfprod6
std_StdCat4_1720592085361_24_47,StdCat4,M,perf-test13-alpha,perfprod6
std_StdCat4_1720760658361_28_26,StdCat4,H2,perf-test13-alpha,perfprod6
std_StdCat4_1720537303993_27_61,StdCat4,H1,perf-test13-alpha,perfprod6
std_StdCat4_1720621942544_29_44,StdCat4,H2,perf-test13-alpha,perfprod6
std_StdCat4_1720715526107_24_54,StdCat4,M,perf-test13-alpha,perfprod6
std_StdCat4_1721028844766_26_54,StdCat4,H1,perf-test13-alpha,perfprod6
std_StdCat4_1721028560539_24_50,StdCat4,M,perf-test13-alpha,perfprod6
std_StdCat4_1720592653976_28_24,StdCat4,H2,perf-test13-alpha,perfprod6
std_StdCat4_1720688366178_27_21,StdCat4,H1,perf-test13-alpha,perfprod6
std_StdCat4_1720605147676_24_54,StdCat4,M,perf-test13-alpha,perfprod6
std_StdCat4_1720537119703_26_51,StdCat4,H1,perf-test13-alpha,perfprod6
std_StdCat4_1720705924490_23_44,StdCat4,L,perf-test13-alpha,perfprod6
std_StdCat4_1720773471282_25_12,StdCat4,M,perf-test13-alpha,perfprod6
std_StdCat4_1720687939771_24_51,StdCat4,M,perf-test13-alpha,perfprod6
std_StdCat4_1720605289793_25_25,StdCat4,M,perf-test13-alpha,perfprod6
std_StdCat4_1720621516161_26_5,StdCat4,H1,perf-test13-alpha,perfprod6
std_StdCat4_1720760658361_28_12,StdCat4,H2,perf-test13-alpha,perfprod6
std_StdCat4_1720592227509_25_19,StdCat4,M,perf-test13-alpha,perfprod6
std_StdCat4_1720688508337_28_48,StdCat4,H2,perf-test13-alpha,perfprod6
std_StdCat4_1720706777350_29_109,StdCat4,H2,perf-test13-alpha,perfprod6
std_StdCat4_1720591801037_22_16,StdCat4,L,perf-test13-alpha,perfprod6
std_StdCat4_1720591943211_23_23,StdCat4,L,perf-test13-alpha,perfprod6
std_StdCat4_1720705924490_23_28,StdCat4,L,perf-test13-alpha,perfprod6
std_StdCat4_1721028418412_23_8,StdCat4,L,perf-test13-alpha,perfprod6
std_StdCat4_1720605858324_29_75,StdCat4,H2,perf-test13-alpha,perfprod6
std_StdCat4_1720716236878_29_120,StdCat4,H2,perf-test13-alpha,perfprod6
std_StdCat4_1720773329137_24_38,StdCat4,M,perf-test13-alpha,perfprod6
std_StdCat4_1720773329137_24_21,StdCat4,M,perf-test13-alpha,perfprod6
std_StdCat3_1720591090103_17_46,StdCat3,H1,perf-test6-alpha,perfprod109
std_StdCat4_1720592085361_24_64,StdCat4,M,perf-test13-alpha,perfprod6
std_StdCat4_1721028986894_27_16,StdCat4,H1,perf-test13-alpha,perfprod6
std_StdCat4_1720706635192_28_140,StdCat4,H2,perf-test13-alpha,perfprod6
std_StdCat4_1720621374035_25_2,StdCat4,M,perf-test13-alpha,perfprod6
std_StdCat4_1720760089871_24_40,StdCat4,M,perf-test13-alpha,perfprod6
std_StdCat4_1720760089871_24_28,StdCat4,M,perf-test13-alpha,perfprod6
std_StdCat4_1720706635192_28_112,StdCat4,H2,perf-test13-alpha,perfprod6
std_StdCat2_1720602305053_4_27,StdCat2,L,perf-test3-alpha,perfprod110
std_StdCat4_1720773613416_26_60,StdCat4,H1,perf-test13-alpha,perfprod6
std_StdCat4_1720715952561_27_64,StdCat4,H1,perf-test13-alpha,perfprod6
std_StdCat3_1720590805751_15_6,StdCat3,M,perf-test6-alpha,perfprod109
