teacherextuserid,classtitle,classcode,category,pe_category,category_type,assignment_count,assignment_category,cursor
tch_H1_20240128-220541_88,class_H1_20240128-220541_88,N73e-pd6s,H1,h1pe,H,100,A_High,Low_Cursor
tch_H5_20240128-190832_99,class_H5_20240128-190832_99,xEHM-nZGE,H5,h5pe,H,100,A_High,Med_Cursor
tch_L3_20240128-180332_29,class_L3_20240128-180332_29,kNwZ-EMBA,L3,l3pe,L,14,A_Low,No_Cursor
tch_L1_20240128-195807_8,class_L1_20240128-195807_8,iecq-n7u2,L1,l1pe,L,18,A_Low,No_Cursor
tch_L2_20240128-205614_24,class_L2_20240128-205614_24,4K3m-sKqC,L2,l2pe,L,14,A_Low,No_Cursor
tch_L2_20240124-195937_20,class_L2_20240124-195937_20,bTvx-qxY7,L2,l2pe,L,21,A_Low,No_Cursor
tch_M2_20240128-220541_73,class_M2_20240128-220541_73,X7pW-js6U,M2,m2pe,M,67,A_Med,No_Cursor
tch_L2_20240222-172411_123,class_L2_20240222-172411_123,daNx-ZxNu,L2,l2pe,L,13,A_Low,No_Cursor
tch_L2_20231229-183345_11,class_L2_20231229-183345_11,B72R-w893,L2,l2pe,L,30,A_Low,No_Cursor
tch_L1_20240128-195807_5,class_L1_20240128-195807_5,X643-kN93,L1,l1pe,L,27,A_Low,No_Cursor
tch_L1_20240222-143108_8,class_L1_20240222-143108_8,v9rP-bhth,L1,l1pe,L,18,A_Low,No_Cursor
tch_L2_20240103-170558_19,class_L2_20240103-170558_19,bMwZ-9a89,L2,l2pe,L,34,A_Med,No_Cursor
tch_L7_20240128-180332_37,class_L7_20240128-180332_37,CeGv-9c6i,L7,l7pe,L,29,A_Low,No_Cursor
tch_M2_20240128-130831_73,class_M2_20240128-130831_73,26cy-Md7F,M2,m2pe,M,68,A_Med,No_Cursor
tch_L9_20240128-142311_63,class_L9_20240128-142311_63,x6yu-Mc4g,L9,l9pe,L,37,A_Med,No_Cursor
tch_M3_20240128-180332_74,class_M3_20240128-180332_74,87Fo-kME6,M3,m3pe,M,72,A_High,No_Cursor
tch_H3_20240128-142311_92,class_H3_20240128-142311_92,NW62-tBrd,H3,h3pe,H,100,A_High,No_Cursor
tch_H3_20231229-183345_85,class_H3_20231229-183345_85,4Dhm-rkdr,H3,h3pe,H,100,A_High,No_Cursor
tch_L1_20240104-171321_2,class_L1_20240104-171321_2,v9Zm-3Eqs,L1,l1pe,L,46,A_Med,No_Cursor
tch_M5_20240128-170457_83,class_M5_20240128-170457_83,jb2D-M4Mz,M5,m5pe,M,86,A_High,No_Cursor
tch_L7_20240128-170457_37,class_L7_20240128-170457_37,EfN6-TuRF,L7,l7pe,L,32,A_Med,No_Cursor
tch_L1_20240128-220541_7,class_L1_20240128-220541_7,p4ip-sDo6,L1,l1pe,L,21,A_Low,No_Cursor
tch_H1_20240128-180332_89,class_H1_20240128-180332_89,23Q2-7c4U,H1,h1pe,H,100,A_High,Low_Cursor
tch_L7_20240222-172411_42,class_L7_20240222-172411_42,w4zc-sPCa,L7,l7pe,L,28,A_Low,No_Cursor
tch_L2_20240128-180332_20,class_L2_20240128-180332_20,873J-LeW6,L2,l2pe,L,18,A_Low,No_Cursor
tch_H3_20240222-110512_194,class_H3_20240222-110512_194,t274-8Fkr,H3,h3pe,H,100,A_High,No_Cursor
tch_L8_20240124-195937_57,class_L8_20240124-195937_57,sNE2-Zti7,L8,l8pe,L,33,A_Med,No_Cursor
tch_L9_20240124-195937_68,class_L9_20240124-195937_68,UqnE-tLJ9,L9,l9pe,L,36,A_Med,No_Cursor
tch_L8_20240128-142311_52,class_L8_20240128-142311_52,k6Q3-ZvwE,L8,l8pe,L,39,A_Med,No_Cursor
tch_M2_20240304-175551_73,class_M2_20240304-175551_73,Lcfq-ar4V,M2,m2pe,M,53,A_Med,No_Cursor
tch_L2_20240104-161036_17,class_L2_20240104-161036_17,ZAyp-zd3N,L2,l2pe,L,33,A_Med,No_Cursor
tch_L2_20240128-190832_16,class_L2_20240128-190832_16,M4BY-8Tg2,L2,l2pe,L,27,A_Low,No_Cursor
tch_L2_20240222-110512_118,class_L2_20240222-110512_118,bc9Y-AH6E,L2,l2pe,L,18,A_Low,No_Cursor
tch_L1_20240104-171321_4,class_L1_20240104-171321_4,pDKp-RHrd,L1,l1pe,L,37,A_Med,No_Cursor
tch_L1_20240128-195807_7,class_L1_20240128-195807_7,9RA9-CF6D,L1,l1pe,L,27,A_Low,No_Cursor
tch_L8_20240222-143108_152,class_L8_20240222-143108_152,k9gh-qm8h,L8,l8pe,L,40,A_Med,No_Cursor
tch_L9_20240128-220541_66,class_L9_20240128-220541_66,oFVE-o6HN,L9,l9pe,L,36,A_Med,No_Cursor
tch_H5_20240128-142311_98,class_H5_20240128-142311_98,6VDW-7iZx,H5,h5pe,H,100,A_High,Med_Cursor
tch_L8_20240128-130831_53,class_L8_20240128-130831_53,oYU4-j3iv,L8,l8pe,L,47,A_Med,No_Cursor
tch_M3_20240222-143108_78,class_M3_20240222-143108_78,62wW-teuN,M3,m3pe,M,63,A_Med,No_Cursor
tch_M5_20240128-220541_81,class_M5_20240128-220541_81,h8t2-ZmAG,M5,m5pe,M,80,A_High,No_Cursor
tch_L7_20240222-110512_47,class_L7_20240222-110512_47,RNZW-mQqd,L7,l7pe,L,28,A_Low,No_Cursor
tch_L8_20240228-113644_149,class_L8_20240228-113644_149,EHFt-n2b4,L8,l8pe,L,33,A_Med,No_Cursor
tch_L8_20240128-205614_52,class_L8_20240128-205614_52,4d8U-pLV6,L8,l8pe,L,47,A_Med,No_Cursor
tch_L2_20231229-163209_20,class_L2_20231229-163209_20,YB2V-N6m7,L2,l2pe,L,31,A_Med,No_Cursor
tch_L8_20240118-160029_84,class_L8_20240118-160029_84,3mvL-kzM2,L8,l8pe,L,56,A_Med,No_Cursor
tch_M1_20240128-205614_70,class_M1_20240128-205614_70,pvPD-LUL2,M1,m1pe,M,54,A_Med,No_Cursor
tch_M5_20240222-110512_182,class_M5_20240222-110512_182,HAsZ-8QAZ,M5,m5pe,M,83,A_High,No_Cursor
tch_L7_20240222-143108_37,class_L7_20240222-143108_37,9gf9-6r79,L7,l7pe,L,21,A_Low,No_Cursor
tch_L1_20240128-180332_10,class_L1_20240128-180332_10,8chb-M8Za,L1,l1pe,L,31,A_Med,No_Cursor
tch_M4_20240222-110512_179,class_M4_20240222-110512_179,6hzM-2dBu,M4,m4pe,M,69,A_Med,No_Cursor
tch_L9_20240222-172411_67,class_L9_20240222-172411_67,74y3-8nRi,L9,l9pe,L,36,A_Med,No_Cursor
tch_L8_20240222-143108_52,class_L8_20240222-143108_52,c4h8-6D62,L8,l8pe,L,43,A_Med,No_Cursor
tch_H5_20240123-113943_25,class_H5_20240123-113943_25,39GZ-c37g,H5,h5pe,H,100,A_High,Med_Cursor
tch_L1_20240222-172411_102,class_L1_20240222-172411_102,o4FE-ZAvu,L1,l1pe,L,14,A_Low,No_Cursor
tch_M1_20240222-110512_70,class_M1_20240222-110512_70,7Y48-hvEK,M1,m1pe,M,45,A_Med,No_Cursor
tch_L2_20240130-090904_26,class_L2_20240130-090904_26,3XD9-a76p,L2,l2pe,L,25,A_Low,No_Cursor
tch_L8_20240128-190832_51,class_L8_20240128-190832_51,rg8T-utnw,L8,l8pe,L,39,A_Med,No_Cursor
tch_L2_20240222-143108_17,class_L2_20240222-143108_17,dpJ6-BY49,L2,l2pe,L,18,A_Low,No_Cursor
tch_L2_20240222-110512_28,class_L2_20240222-110512_28,mQjW-o8cB,L2,l2pe,L,14,A_Low,No_Cursor
tch_L2_20240128-195807_21,class_L2_20240128-195807_21,yHdb-s6sZ,L2,l2pe,L,22,A_Low,No_Cursor
tch_M2_20231229-151113_59,class_M2_20231229-151113_59,ztkt-AehE,M2,m2pe,M,76,A_High,No_Cursor
tch_H3_20240128-170457_96,class_H3_20240128-170457_96,4Zc6-4GpR,H3,h3pe,H,100,A_High,No_Cursor
tch_M4_20240124-195937_80,class_M4_20240124-195937_80,xRDA-tGqe,M4,m4pe,M,82,A_High,No_Cursor
tch_H1_20240103-170558_71,class_H1_20240103-170558_71,4d34-ZeU2,H1,h1pe,H,100,A_High,Low_Cursor
tch_L8_20240128-195807_57,class_L8_20240128-195807_57,dnz3-M2TJ,L8,l8pe,L,47,A_Med,No_Cursor
tch_M2_20231229-183345_56,class_M2_20231229-183345_56,J4V2-989u,M2,m2pe,M,76,A_High,No_Cursor
tch_L1_20240128-205614_12,class_L1_20240128-205614_12,mPw4-Ct74,L1,l1pe,L,21,A_Low,No_Cursor
tch_M3_20240305-102910_75,class_M3_20240305-102910_75,2uCx-oUba,M3,m3pe,M,63,A_Med,No_Cursor
tch_L9_20240128-220541_67,class_L9_20240128-220541_67,F9HW-sqpu,L9,l9pe,L,36,A_Med,No_Cursor
tch_L8_20240128-190832_58,class_L8_20240128-190832_58,HRKg-8v4F,L8,l8pe,L,42,A_Med,No_Cursor
tch_H3_20240128-170457_92,class_H3_20240128-170457_92,PrdN-tM6L,H3,h3pe,H,100,A_High,No_Cursor
tch_H1_20240128-180332_87,class_H1_20240128-180332_87,kyTb-fN3y,H1,h1pe,H,100,A_High,Low_Cursor
tch_L9_20240117-181958_90,class_L9_20240117-181958_90,E2nR-QBid,L9,l9pe,L,35,A_Med,No_Cursor
tch_L2_20240128-220541_26,class_L2_20240128-220541_26,G7os-BqaE,L2,l2pe,L,28,A_Low,No_Cursor
tch_H1_20240222-110512_189,class_H1_20240222-110512_189,ui6n-i67s,H1,h1pe,H,99,A_High,No_Cursor
tch_M3_20231229-183345_64,class_M3_20231229-183345_64,89KU-Lx2V,M3,m3pe,M,82,A_High,No_Cursor
tch_L2_20240222-172411_128,class_L2_20240222-172411_128,2bd8-9wmb,L2,l2pe,L,14,A_Low,No_Cursor
tch_L9_20240117-181958_68,class_L9_20240117-181958_68,Ne2b-wdTu,L9,l9pe,L,34,A_Med,No_Cursor
tch_L9_20240228-113644_165,class_L9_20240228-113644_165,nqoT-kaQA,L9,l9pe,L,34,A_Med,No_Cursor
tch_L8_20240128-130831_56,class_L8_20240128-130831_56,xH8Q-8kYq,L8,l8pe,L,43,A_Med,No_Cursor
tch_L7_20240119-093415_81,class_L7_20240119-093415_81,tAbm-4ePh,L7,l7pe,L,49,A_Med,No_Cursor
tch_L7_20240128-142311_42,class_L7_20240128-142311_42,fa8t-2roQ,L7,l7pe,L,36,A_Med,No_Cursor
tch_H6_20240122-185320_3,class_H6_20240122-185320_3,9TCN-zny9,H6,h6pe,H,100,A_High,No_Cursor
tch_L2_20240128-180332_19,class_L2_20240128-180332_19,r4Rc-gjX9,L2,l2pe,L,20,A_Low,No_Cursor
tch_L3_20240128-195807_30,class_L3_20240128-195807_30,NJ8d-9fbq,L3,l3pe,L,19,A_Low,No_Cursor
tch_L2_20240128-205614_27,class_L2_20240128-205614_27,t4vq-3d24,L2,l2pe,L,18,A_Low,No_Cursor
tch_L7_20240119-093415_67,class_L7_20240119-093415_67,aLx3-k36Y,L7,l7pe,L,39,A_Med,No_Cursor
tch_L9_20240128-195807_62,class_L9_20240128-195807_62,4fkD-6c4k,L9,l9pe,L,48,A_Med,No_Cursor
tch_H2_20231229-151113_77,class_H2_20231229-151113_77,yt7e-Lx7E,H2,h2pe,H,100,A_High,Low_Cursor
tch_L2_20240128-142311_25,class_L2_20240128-142311_25,3U4u-vbYR,L2,l2pe,L,28,A_Low,No_Cursor
tch_L2_20240222-143108_26,class_L2_20240222-143108_26,KzmD-3Uv7,L2,l2pe,L,18,A_Low,No_Cursor
tch_L7_20240128-142311_45,class_L7_20240128-142311_45,4xd4-zqyL,L7,l7pe,L,34,A_Med,No_Cursor
tch_L9_20240117-181958_79,class_L9_20240117-181958_79,6Qdn-p4qQ,L9,l9pe,L,31,A_Med,No_Cursor
tch_L9_20240117-181958_65,class_L9_20240117-181958_65,zjUn-zKjA,L9,l9pe,L,43,A_Med,No_Cursor
tch_L7_20240119-093415_105,class_L7_20240119-093415_105,2hFP-JsBh,L7,l7pe,L,38,A_Med,No_Cursor
tch_L7_20240128-180332_42,class_L7_20240128-180332_42,F32f-zaBj,L7,l7pe,L,33,A_Med,No_Cursor
tch_L1_20240128-180332_6,class_L1_20240128-180332_6,tvHm-tW9a,L1,l1pe,L,22,A_Low,No_Cursor
tch_M5_20240222-143108_84,class_M5_20240222-143108_84,VMbP-9mCt,M5,m5pe,M,79,A_High,No_Cursor
tch_H1_20240128-142311_85,class_H1_20240128-142311_85,Y29L-3vg7,H1,h1pe,H,100,A_High,Low_Cursor
tch_L1_20240222-110512_11,class_L1_20240222-110512_11,E282-NCPV,L1,l1pe,L,22,A_Low,No_Cursor
tch_M3_20240124-195937_77,class_M3_20240124-195937_77,79CN-mULz,M3,m3pe,M,71,A_High,No_Cursor
tch_L7_20240130-090904_40,class_L7_20240130-090904_40,x7Ux-M7q3,L7,l7pe,L,42,A_Med,No_Cursor
tch_L9_20240117-181958_66,class_L9_20240117-181958_66,8UPi-Re7P,L9,l9pe,L,40,A_Med,No_Cursor
tch_L7_20240128-142311_48,class_L7_20240128-142311_48,z932-oq6g,L7,l7pe,L,29,A_Low,No_Cursor
tch_L9_20240124-195937_61,class_L9_20240124-195937_61,g3eY-gr8R,L9,l9pe,L,51,A_Med,No_Cursor
tch_L1_20240222-143108_113,class_L1_20240222-143108_113,FzwZ-9ZB9,L1,l1pe,L,11,A_Low,No_Cursor
tch_L7_20240128-190832_37,class_L7_20240128-190832_37,h6T9-NTe8,L7,l7pe,L,32,A_Med,No_Cursor
tch_L1_20240128-130831_6,class_L1_20240128-130831_6,ZK6e-u2TV,L1,l1pe,L,28,A_Low,No_Cursor
tch_H3_20240128-220541_92,class_H3_20240128-220541_92,Nj8Y-287e,H3,h3pe,H,100,A_High,No_Cursor
tch_L8_20240222-110512_56,class_L8_20240222-110512_56,gvBh-my4C,L8,l8pe,L,39,A_Med,No_Cursor
tch_L3_20231229-151113_24,class_L3_20231229-151113_24,W7Lq-TgKc,L3,l3pe,L,41,A_Med,No_Cursor
tch_L8_20240124-195937_55,class_L8_20240124-195937_55,3Bg6-XuWo,L8,l8pe,L,52,A_Med,No_Cursor
tch_L1_20240222-110512_107,class_L1_20240222-110512_107,d2Fd-k3Gn,L1,l1pe,L,14,A_Low,No_Cursor
tch_L1_20240228-113644_6,class_L1_20240228-113644_6,zbPv-6DGP,L1,l1pe,L,14,A_Low,No_Cursor
tch_L1_20240222-110512_108,class_L1_20240222-110512_108,sG4w-MDbw,L1,l1pe,L,15,A_Low,No_Cursor
tch_H3_20240222-110512_193,class_H3_20240222-110512_193,AqZm-WCfw,H3,h3pe,H,98,A_High,No_Cursor
tch_L1_20240222-110512_113,class_L1_20240222-110512_113,7XRd-oKsT,L1,l1pe,L,15,A_Low,No_Cursor
tch_L8_20240128-220541_57,class_L8_20240128-220541_57,HiDm-c2Ph,L8,l8pe,L,47,A_Med,No_Cursor
tch_L1_20240128-130831_15,class_L1_20240128-130831_15,eGkd-PtmF,L1,l1pe,L,24,A_Low,No_Cursor
tch_L1_20240228-113644_105,class_L1_20240228-113644_105,7e83-BWsW,L1,l1pe,L,17,A_Low,No_Cursor
tch_L7_20240222-143108_146,class_L7_20240222-143108_146,Ducp-AfH9,L7,l7pe,L,23,A_Low,No_Cursor
tch_L9_20240117-181958_52,class_L9_20240117-181958_52,9DY4-G7Qw,L9,l9pe,L,37,A_Med,No_Cursor
tch_L1_20240128-142311_3,class_L1_20240128-142311_3,N8Pt-gZqY,L1,l1pe,L,18,A_Low,No_Cursor
tch_H1_20240102-192514_74,class_H1_20240102-192514_74,GTJW-Y8E4,H1,h1pe,H,100,A_High,Low_Cursor
tch_L3_20240128-180332_33,class_L3_20240128-180332_33,Mm8h-9GNx,L3,l3pe,L,18,A_Low,No_Cursor
tch_L2_20240103-170558_13,class_L2_20240103-170558_13,A8A6-HtKR,L2,l2pe,L,32,A_Med,No_Cursor
tch_L1_20240128-190832_12,class_L1_20240128-190832_12,J2xN-vG9V,L1,l1pe,L,22,A_Low,No_Cursor
tch_L9_20240128-220541_59,class_L9_20240128-220541_59,Hs4t-G4Cq,L9,l9pe,L,33,A_Med,No_Cursor
tch_M5_20240222-110512_84,class_M5_20240222-110512_84,8Uk7-MRJE,M5,m5pe,M,79,A_High,No_Cursor
tch_L2_20240222-110512_23,class_L2_20240222-110512_23,gbQy-VgL6,L2,l2pe,L,14,A_Low,No_Cursor
tch_M5_20240222-172411_182,class_M5_20240222-172411_182,Maw7-N363,M5,m5pe,M,83,A_High,No_Cursor
tch_L9_20240117-181958_72,class_L9_20240117-181958_72,7R9Q-BRyD,L9,l9pe,L,22,A_Low,No_Cursor
tch_L1_20240128-180332_12,class_L1_20240128-180332_12,sGZu-X76c,L1,l1pe,L,23,A_Low,No_Cursor
tch_L8_20240118-160029_73,class_L8_20240118-160029_73,cpdo-rBcx,L8,l8pe,L,52,A_Med,No_Cursor
tch_L2_20240130-090904_18,class_L2_20240130-090904_18,6Kwz-c4cG,L2,l2pe,L,27,A_Low,No_Cursor
tch_L7_20240119-093415_109,class_L7_20240119-093415_109,aX8a-9iok,L7,l7pe,L,47,A_Med,No_Cursor
tch_L2_20240104-171321_12,class_L2_20240104-171321_12,RhaA-oFX4,L2,l2pe,L,34,A_Med,No_Cursor
tch_L7_20240119-093415_84,class_L7_20240119-093415_84,fV7r-U2db,L7,l7pe,L,46,A_Med,No_Cursor
tch_L8_20240222-143108_150,class_L8_20240222-143108_150,jwTg-q2y6,L8,l8pe,L,38,A_Med,No_Cursor
tch_L2_20240128-195807_27,class_L2_20240128-195807_27,6DEW-Z8in,L2,l2pe,L,27,A_Low,No_Cursor
tch_L9_20240222-143108_164,class_L9_20240222-143108_164,GUh4-TQh7,L9,l9pe,L,41,A_Med,No_Cursor
tch_L1_20240222-143108_15,class_L1_20240222-143108_15,t7P6-7y9F,L1,l1pe,L,22,A_Low,No_Cursor
tch_M2_20240128-170457_71,class_M2_20240128-170457_71,UCp7-8o6W,M2,m2pe,M,68,A_Med,No_Cursor
tch_L1_20240128-195807_4,class_L1_20240128-195807_4,LgwY-stpi,L1,l1pe,L,18,A_Low,No_Cursor
tch_L2_20240128-220541_24,class_L2_20240128-220541_24,q8Q7-gQvx,L2,l2pe,L,28,A_Low,No_Cursor
tch_L1_20240222-143108_111,class_L1_20240222-143108_111,Y93s-8aVH,L1,l1pe,L,11,A_Low,No_Cursor
tch_H1_20240128-220541_85,class_H1_20240128-220541_85,xY8C-6HpB,H1,h1pe,H,100,A_High,Low_Cursor
tch_L8_20240118-160029_83,class_L8_20240118-160029_83,ZLcK-WPgC,L8,l8pe,L,56,A_Med,No_Cursor
tch_L9_20240124-195937_64,class_L9_20240124-195937_64,ktU8-e67B,L9,l9pe,L,42,A_Med,No_Cursor
tch_L7_20240119-103128_10,class_L7_20240119-103128_10,6RTF-eLd4,L7,l7pe,L,47,A_Med,No_Cursor
tch_L9_20240222-172411_159,class_L9_20240222-172411_159,wnv9-78m8,L9,l9pe,L,34,A_Med,No_Cursor
tch_L2_20240222-110512_119,class_L2_20240222-110512_119,DzFT-NUJa,L2,l2pe,L,20,A_Low,No_Cursor
tch_L9_20240117-181958_51,class_L9_20240117-181958_51,AQvi-BdPG,L9,l9pe,L,33,A_Med,No_Cursor
tch_L7_20240124-195937_44,class_L7_20240124-195937_44,DWw9-snfr,L7,l7pe,L,32,A_Med,No_Cursor
tch_M5_20240128-180332_83,class_M5_20240128-180332_83,6VDA-X7PT,M5,m5pe,M,88,A_High,No_Cursor
tch_L7_20240222-143108_138,class_L7_20240222-143108_138,yV29-oxkC,L7,l7pe,L,27,A_Low,No_Cursor
tch_L8_20240128-180332_58,class_L8_20240128-180332_58,cFnj-yb4A,L8,l8pe,L,36,A_Med,No_Cursor
tch_H3_20240103-170558_84,class_H3_20240103-170558_84,ECcF-odiD,H3,h3pe,H,100,A_High,No_Cursor
tch_L9_20240222-110512_68,class_L9_20240222-110512_68,fok9-3t4T,L9,l9pe,L,36,A_Med,No_Cursor
tch_H1_20240128-170457_89,class_H1_20240128-170457_89,87ia-xkDg,H1,h1pe,H,100,A_High,Low_Cursor
tch_L7_20240128-205614_34,class_L7_20240128-205614_34,83nX-nuLj,L7,l7pe,L,29,A_Low,No_Cursor
tch_L8_20240222-172411_53,class_L8_20240222-172411_53,VWF4-r92C,L8,l8pe,L,38,A_Med,No_Cursor
tch_L8_20240128-130831_52,class_L8_20240128-130831_52,dwaZ-dYZH,L8,l8pe,L,38,A_Med,No_Cursor
tch_L3_20240228-113644_32,class_L3_20240228-113644_32,HrGW-93Vv,L3,l3pe,L,14,A_Low,No_Cursor
tch_L2_20240104-161036_14,class_L2_20240104-161036_14,xMbL-2B9k,L2,l2pe,L,36,A_Med,No_Cursor
tch_L2_20240130-090904_27,class_L2_20240130-090904_27,6f2m-rne9,L2,l2pe,L,30,A_Low,No_Cursor
tch_L7_20240124-195937_47,class_L7_20240124-195937_47,r79y-Rc49,L7,l7pe,L,36,A_Med,No_Cursor
tch_L1_20240228-113644_1,class_L1_20240228-113644_1,Bkm7-Eszn,L1,l1pe,L,17,A_Low,No_Cursor
tch_L7_20240119-093415_66,class_L7_20240119-093415_66,hMQi-Z4FV,L7,l7pe,L,48,A_Med,No_Cursor
tch_L2_20240128-170457_18,class_L2_20240128-170457_18,NJ2o-dj8w,L2,l2pe,L,21,A_Low,No_Cursor
tch_L8_20240222-110512_52,class_L8_20240222-110512_52,r2ma-XA76,L8,l8pe,L,40,A_Med,No_Cursor
tch_H4_20240128-220541_97,class_H4_20240128-220541_97,BkhX-scvs,H4,h4pe,H,100,A_High,Low_Cursor
tch_L2_20240104-161036_12,class_L2_20240104-161036_12,838g-2Da4,L2,l2pe,L,29,A_Low,No_Cursor
tch_L1_20240222-172411_109,class_L1_20240222-172411_109,kMrV-yE3c,L1,l1pe,L,13,A_Low,No_Cursor
tch_L2_20240128-170457_22,class_L2_20240128-170457_22,C7nC-DJqK,L2,l2pe,L,30,A_Low,No_Cursor
tch_L9_20240128-220541_64,class_L9_20240128-220541_64,7KNm-s62z,L9,l9pe,L,36,A_Med,No_Cursor
tch_L9_20240124-195937_67,class_L9_20240124-195937_67,38K6-o7tR,L9,l9pe,L,45,A_Med,No_Cursor
tch_H1_20240128-195807_87,class_H1_20240128-195807_87,4Cvi-g9Lp,H1,h1pe,H,100,A_High,Low_Cursor
tch_M4_20240222-172411_79,class_M4_20240222-172411_79,32zB-WqND,M4,m4pe,M,75,A_High,No_Cursor
tch_M4_20231229-183345_69,class_M4_20231229-183345_69,oc8d-3YzQ,M4,m4pe,M,74,A_High,No_Cursor
tch_L7_20240222-143108_46,class_L7_20240222-143108_46,ajCw-8N3t,L7,l7pe,L,26,A_Low,No_Cursor
tch_L1_20240228-113644_2,class_L1_20240228-113644_2,b62d-y9kx,L1,l1pe,L,13,A_Low,No_Cursor
tch_L9_20240222-110512_64,class_L9_20240222-110512_64,xaUi-Pi2Q,L9,l9pe,L,42,A_Med,No_Cursor
tch_L7_20240128-180332_46,class_L7_20240128-180332_46,36ZT-28i7,L7,l7pe,L,41,A_Med,No_Cursor
tch_M3_20240128-170457_74,class_M3_20240128-170457_74,sGZt-b69x,M3,m3pe,M,74,A_High,No_Cursor
tch_L2_20240222-110512_18,class_L2_20240222-110512_18,D4U4-UJTL,L2,l2pe,L,22,A_Low,No_Cursor
tch_L2_20240128-142311_24,class_L2_20240128-142311_24,79ET-AREc,L2,l2pe,L,19,A_Low,No_Cursor
tch_L9_20240117-181958_59,class_L9_20240117-181958_59,jmKy-8kxD,L9,l9pe,L,37,A_Med,No_Cursor
tch_L8_20240118-160029_100,class_L8_20240118-160029_100,7pmf-6bNC,L8,l8pe,L,46,A_Med,No_Cursor
tch_L7_20240222-172411_145,class_L7_20240222-172411_145,36LX-k467,L7,l7pe,L,32,A_Med,No_Cursor
tch_M4_20240222-172411_180,class_M4_20240222-172411_180,A68a-XRCb,M4,m4pe,M,74,A_High,No_Cursor
tch_H1_20240128-205614_89,class_H1_20240128-205614_89,U9Qx-ocq8,H1,h1pe,H,100,A_High,Low_Cursor
tch_M1_20231229-163209_55,class_M1_20231229-163209_55,8A82-4q6X,M1,m1pe,M,60,A_Med,No_Cursor
tch_L3_20240102-192514_21,class_L3_20240102-192514_21,zNje-TZam,L3,l3pe,L,40,A_Med,No_Cursor
tch_L9_20240128-180332_60,class_L9_20240128-180332_60,mBTi-42H8,L9,l9pe,L,51,A_Med,No_Cursor
tch_M5_20240128-195807_81,class_M5_20240128-195807_81,42H9-xZbG,M5,m5pe,M,79,A_High,No_Cursor
tch_L9_20240128-180332_68,class_L9_20240128-180332_68,D4X6-mdyp,L9,l9pe,L,51,A_Med,No_Cursor
tch_L8_20240128-205614_57,class_L8_20240128-205614_57,kEAe-QRD6,L8,l8pe,L,47,A_Med,No_Cursor
tch_L9_20240128-170457_64,class_L9_20240128-170457_64,edWZ-c3jX,L9,l9pe,L,51,A_Med,No_Cursor
tch_LTI_20240909-135148_2,ltiClass_20240909-135148_2,93H7-hk38,H4,h4pe,H,100,A_High,Med_Cursor
tch_L8_20240222-110512_154,class_L8_20240222-110512_154,yULU-3VU2,L8,l8pe,L,37,A_Med,No_Cursor
tch_L1_20240228-113644_4,class_L1_20240228-113644_4,sDmf-BCKb,L1,l1pe,L,13,A_Low,No_Cursor
tch_L7_20240119-093415_115,class_L7_20240119-093415_115,cNUW-ZHk3,L7,l7pe,L,45,A_Med,No_Cursor
tch_L3_20240222-143108_131,class_L3_20240222-143108_131,4bcs-9F2t,L3,l3pe,L,13,A_Low,No_Cursor
tch_M3_20240222-143108_74,class_M3_20240222-143108_74,AeGa-KMTX,M3,m3pe,M,63,A_Med,No_Cursor
tch_L8_20240128-220541_51,class_L8_20240128-220541_51,W4du-iN28,L8,l8pe,L,38,A_Med,No_Cursor
tch_L7_20240119-093415_92,class_L7_20240119-093415_92,nmfi-zmwm,L7,l7pe,L,48,A_Med,No_Cursor
tch_H3_20240222-143108_96,class_H3_20240222-143108_96,a73X-6NL9,H3,h3pe,H,100,A_High,No_Cursor
tch_L2_20240222-143108_118,class_L2_20240222-143108_118,ofi9-xvYV,L2,l2pe,L,19,A_Low,No_Cursor
tch_L7_20240128-195807_43,class_L7_20240128-195807_43,td8d-nKr6,L7,l7pe,L,30,A_Low,No_Cursor
tch_L8_20240128-130831_54,class_L8_20240128-130831_54,cPGv-fTH4,L8,l8pe,L,37,A_Med,No_Cursor
tch_M3_20240222-110512_175,class_M3_20240222-110512_175,B7t6-2EYw,M3,m3pe,M,67,A_Med,No_Cursor
tch_M3_20240222-110512_74,class_M3_20240222-110512_74,3ckQ-4J3L,M3,m3pe,M,67,A_Med,No_Cursor
tch_L1_20240128-142311_9,class_L1_20240128-142311_9,GydT-L8Cr,L1,l1pe,L,18,A_Low,No_Cursor
tch_H1_20240128-195807_86,class_H1_20240128-195807_86,yaD2-B2NY,H1,h1pe,H,100,A_High,Low_Cursor
tch_L7_20240128-195807_42,class_L7_20240128-195807_42,PtHp-bUfD,L7,l7pe,L,38,A_Med,No_Cursor
tch_M5_20240128-170457_82,class_M5_20240128-170457_82,FB2o-92Vp,M5,m5pe,M,82,A_High,No_Cursor
tch_L8_20240118-160029_62,class_L8_20240118-160029_62,dnpb-83Rd,L8,l8pe,L,60,A_Med,No_Cursor
tch_M3_20240102-154640_63,class_M3_20240102-154640_63,pNwq-8379,M3,m3pe,M,93,A_High,No_Cursor
tch_H5_20240123-113943_11,class_H5_20240123-113943_11,koa8-cFov,H5,h5pe,H,100,A_High,Med_Cursor
tch_L7_20240124-195937_42,class_L7_20240124-195937_42,Z2To-K6Xj,L7,l7pe,L,30,A_Low,No_Cursor
tch_L1_20240104-161036_7,class_L1_20240104-161036_7,PyTx-7cbz,L1,l1pe,L,25,A_Low,No_Cursor
tch_L9_20240222-110512_166,class_L9_20240222-110512_166,HPx4-2LDA,L9,l9pe,L,43,A_Med,No_Cursor
tch_L3_20240222-172411_30,class_L3_20240222-172411_30,hvjd-sqeU,L3,l3pe,L,13,A_Low,No_Cursor
tch_L7_20240124-195937_37,class_L7_20240124-195937_37,aH4D-XZjT,L7,l7pe,L,41,A_Med,No_Cursor
tch_L1_20240128-205614_15,class_L1_20240128-205614_15,LWzt-8Axu,L1,l1pe,L,23,A_Low,No_Cursor
tch_L1_20240104-161036_9,class_L1_20240104-161036_9,679H-XHp3,L1,l1pe,L,33,A_Med,No_Cursor
tch_L1_20240128-195807_9,class_L1_20240128-195807_9,Wrg7-3cM6,L1,l1pe,L,22,A_Low,No_Cursor
tch_L9_20240117-181958_86,class_L9_20240117-181958_86,oE3P-F4ob,L9,l9pe,L,36,A_Med,No_Cursor
tch_L7_20240128-220541_45,class_L7_20240128-220541_45,ihsm-C7HB,L7,l7pe,L,38,A_Med,No_Cursor
tch_L1_20240222-143108_114,class_L1_20240222-143108_114,EgTr-4y8Y,L1,l1pe,L,15,A_Low,No_Cursor
tch_M3_20240128-205614_75,class_M3_20240128-205614_75,A8n9-NByK,M3,m3pe,M,78,A_High,No_Cursor
tch_M2_20240128-205614_71,class_M2_20240128-205614_71,jBhv-ArRq,M2,m2pe,M,68,A_Med,No_Cursor
tch_L7_20240128-142311_47,class_L7_20240128-142311_47,aRJ4-djmc,L7,l7pe,L,28,A_Low,No_Cursor
tch_M3_20240304-175551_77,class_M3_20240304-175551_77,XEQ2-bMN3,M3,m3pe,M,66,A_Med,No_Cursor
tch_L2_20240128-170457_17,class_L2_20240128-170457_17,JZr4-Dfqa,L2,l2pe,L,20,A_Low,No_Cursor
tch_H4_20240128-190832_97,class_H4_20240128-190832_97,hKVn-mWP6,H4,h4pe,H,100,A_High,Low_Cursor
tch_M4_20240305-102910_80,class_M4_20240305-102910_80,noge-7NLt,M4,m4pe,M,70,A_Med,No_Cursor
tch_H6_20240128-190832_100,class_H6_20240128-190832_100,Gr97-UiXj,H6,h6pe,H,100,A_High,No_Cursor
tch_L2_20240228-113644_17,class_L2_20240228-113644_17,Vj7s-wF39,L2,l2pe,L,13,A_Low,No_Cursor
tch_M5_20240111-185155_18,class_M5_20240111-185155_18,H34Q-8mV3,M5,m5pe,M,100,A_High,No_Cursor
tch_M5_20240222-143108_82,class_M5_20240222-143108_82,93Qf-8vE8,M5,m5pe,M,80,A_High,No_Cursor
tch_M3_20240128-220541_78,class_M3_20240128-220541_78,EQBd-6RGJ,M3,m3pe,M,73,A_High,No_Cursor
tch_L1_20240222-143108_115,class_L1_20240222-143108_115,P7bt-QoHL,L1,l1pe,L,22,A_Low,No_Cursor
tch_L9_20240128-190832_67,class_L9_20240128-190832_67,834h-p8t8,L9,l9pe,L,45,A_Med,No_Cursor
tch_L1_20240222-172411_2,class_L1_20240222-172411_2,2txc-n743,L1,l1pe,L,19,A_Low,No_Cursor
tch_L7_20240130-090904_35,class_L7_20240130-090904_35,wi4o-Cq6r,L7,l7pe,L,28,A_Low,No_Cursor
tch_L2_20240222-143108_120,class_L2_20240222-143108_120,syDH-3M9G,L2,l2pe,L,17,A_Low,No_Cursor
tch_L7_20240119-103128_11,class_L7_20240119-103128_11,p6uN-2a4X,L7,l7pe,L,42,A_Med,No_Cursor
tch_L3_20240128-190832_30,class_L3_20240128-190832_30,nU9y-6Wqh,L3,l3pe,L,20,A_Low,No_Cursor
tch_H1_20240222-172411_85,class_H1_20240222-172411_85,83o6-294R,H1,h1pe,H,100,A_High,Low_Cursor
tch_M4_20240222-110512_79,class_M4_20240222-110512_79,F2g7-T3b3,M4,m4pe,M,71,A_High,No_Cursor
tch_L2_20240128-180332_24,class_L2_20240128-180332_24,BrMe-j3hi,L2,l2pe,L,27,A_Low,No_Cursor
tch_L7_20240128-130831_39,class_L7_20240128-130831_39,7VXq-3e9P,L7,l7pe,L,40,A_Med,No_Cursor
tch_L1_20240128-205614_1,class_L1_20240128-205614_1,M4Ac-oTgQ,L1,l1pe,L,27,A_Low,No_Cursor
tch_L8_20240222-172411_155,class_L8_20240222-172411_155,J8bt-Bg3Y,L8,l8pe,L,39,A_Med,No_Cursor
tch_H1_20231229-173128_72,class_H1_20231229-173128_72,wphp-yQR4,H1,h1pe,H,100,A_High,Low_Cursor
tch_L8_20240222-172411_149,class_L8_20240222-172411_149,Y7vo-4a8Q,L8,l8pe,L,37,A_Med,No_Cursor
tch_H4_20240128-205614_97,class_H4_20240128-205614_97,DJA4-8H4C,H4,h4pe,H,100,A_High,Low_Cursor
tch_L1_20240124-195937_10,class_L1_20240124-195937_10,bmq4-Tbqn,L1,l1pe,L,16,A_Low,No_Cursor
tch_L7_20240128-205614_39,class_L7_20240128-205614_39,fxnM-qo34,L7,l7pe,L,28,A_Low,No_Cursor
tch_L8_20240118-160029_92,class_L8_20240118-160029_92,a4Vv-exoX,L8,l8pe,L,51,A_Med,No_Cursor
tch_H5_20240222-143108_198,class_H5_20240222-143108_198,GXHX-BNo2,H5,h5pe,H,100,A_High,Med_Cursor
tch_H1_20240222-110512_86,class_H1_20240222-110512_86,t278-CqC8,H1,h1pe,H,100,A_High,Low_Cursor
tch_L9_20240128-190832_60,class_L9_20240128-190832_60,i6Qm-9roc,L9,l9pe,L,38,A_Med,No_Cursor
tch_M3_20240128-205614_76,class_M3_20240128-205614_76,6u4j-a6Lz,M3,m3pe,M,67,A_Med,No_Cursor
tch_L7_20240128-220541_38,class_L7_20240128-220541_38,3GAb-8WKM,L7,l7pe,L,35,A_Med,No_Cursor
tch_L7_20240128-170457_38,class_L7_20240128-170457_38,6i6F-m9Po,L7,l7pe,L,32,A_Med,No_Cursor
tch_L2_20240104-171321_13,class_L2_20240104-171321_13,VbiA-njQ6,L2,l2pe,L,33,A_Med,No_Cursor
tch_L2_20240104-171321_14,class_L2_20240104-171321_14,LTig-ycmh,L2,l2pe,L,39,A_Med,No_Cursor
tch_L7_20240128-195807_34,class_L7_20240128-195807_34,ABVW-k4KR,L7,l7pe,L,41,A_Med,No_Cursor
tch_L2_20240128-190832_25,class_L2_20240128-190832_25,7LCg-sEWg,L2,l2pe,L,28,A_Low,No_Cursor
tch_L9_20240117-181958_56,class_L9_20240117-181958_56,EviM-NA2P,L9,l9pe,L,44,A_Med,No_Cursor
tch_L1_20240128-205614_7,class_L1_20240128-205614_7,a2e2-p9xn,L1,l1pe,L,18,A_Low,No_Cursor
tch_H2_20240102-154640_80,class_H2_20240102-154640_80,ZU36-4bNM,H2,h2pe,H,100,A_High,Low_Cursor
tch_L3_20240222-110512_132,class_L3_20240222-110512_132,DbqT-zMy2,L3,l3pe,L,23,A_Low,No_Cursor
tch_L8_20240222-143108_50,class_L8_20240222-143108_50,4gmy-o3Hm,L8,l8pe,L,38,A_Med,No_Cursor
tch_H3_20240128-190832_96,class_H3_20240128-190832_96,K7a8-asiK,H3,h3pe,H,100,A_High,No_Cursor
tch_L1_20240222-110512_12,class_L1_20240222-110512_12,ZN3w-28W4,L1,l1pe,L,19,A_Low,No_Cursor
tch_L7_20240128-180332_40,class_L7_20240128-180332_40,D4vr-no8D,L7,l7pe,L,28,A_Low,No_Cursor
tch_L1_20240128-170457_4,class_L1_20240128-170457_4,KNRK-9ybT,L1,l1pe,L,27,A_Low,No_Cursor
tch_H3_20240222-143108_194,class_H3_20240222-143108_194,hbV3-yfdQ,H3,h3pe,H,99,A_High,No_Cursor
tch_L2_20240128-170457_23,class_L2_20240128-170457_23,zgxq-voU9,L2,l2pe,L,13,A_Low,No_Cursor
tch_L9_20240128-195807_64,class_L9_20240128-195807_64,gE3K-i2C9,L9,l9pe,L,50,A_Med,No_Cursor
tch_L8_20240118-160029_60,class_L8_20240118-160029_60,jM6p-GiqT,L8,l8pe,L,44,A_Med,No_Cursor
tch_H5_20240222-143108_98,class_H5_20240222-143108_98,M7yH-9t8K,H5,h5pe,H,100,A_High,Med_Cursor
tch_L9_20240128-142311_66,class_L9_20240128-142311_66,78gB-cvrA,L9,l9pe,L,39,A_Med,No_Cursor
tch_L7_20240128-170457_47,class_L7_20240128-170457_47,kVZR-92d6,L7,l7pe,L,23,A_Low,No_Cursor
tch_H1_20240222-143108_185,class_H1_20240222-143108_185,wm27-Wk4K,H1,h1pe,H,100,A_High,Low_Cursor
tch_L8_20240222-143108_49,class_L8_20240222-143108_49,6YAx-g97H,L8,l8pe,L,37,A_Med,No_Cursor
tch_L7_20240128-190832_44,class_L7_20240128-190832_44,zb7r-x2QC,L7,l7pe,L,33,A_Med,No_Cursor
tch_L8_20240130-090904_56,class_L8_20240130-090904_56,yt7F-Hmdh,L8,l8pe,L,45,A_Med,No_Cursor
tch_L9_20240117-181958_82,class_L9_20240117-181958_82,4qT8-6xW2,L9,l9pe,L,36,A_Med,No_Cursor
tch_L8_20240118-160029_104,class_L8_20240118-160029_104,6tY2-38tJ,L8,l8pe,L,60,A_Med,No_Cursor
tch_M1_20240128-180332_70,class_M1_20240128-180332_70,z2Zp-7hxN,M1,m1pe,M,55,A_Med,No_Cursor
tch_L3_20240128-130831_30,class_L3_20240128-130831_30,y9Yh-bHBj,L3,l3pe,L,18,A_Low,No_Cursor
tch_H3_20231229-183345_82,class_H3_20231229-183345_82,nf47-GFG8,H3,h3pe,H,100,A_High,No_Cursor
tch_L3_20240130-090904_32,class_L3_20240130-090904_32,t2zx-dfU9,L3,l3pe,L,31,A_Med,No_Cursor
tch_L2_20240130-090904_19,class_L2_20240130-090904_19,2ovh-v9tD,L2,l2pe,L,23,A_Low,No_Cursor
tch_L8_20240128-205614_56,class_L8_20240128-205614_56,7Nsq-t983,L8,l8pe,L,38,A_Med,No_Cursor
tch_L1_20231229-163209_6,class_L1_20231229-163209_6,2CBY-i42p,L1,l1pe,L,33,A_Med,No_Cursor
tch_L9_20240128-195807_68,class_L9_20240128-195807_68,7NRo-HQJD,L9,l9pe,L,43,A_Med,No_Cursor
tch_L9_20240128-205614_67,class_L9_20240128-205614_67,28be-tA3y,L9,l9pe,L,38,A_Med,No_Cursor
tch_L2_20240128-170457_24,class_L2_20240128-170457_24,gBbK-C3cz,L2,l2pe,L,13,A_Low,No_Cursor
tch_H2_20240102-154640_78,class_H2_20240102-154640_78,ahXQ-67RT,H2,h2pe,H,100,A_High,Low_Cursor
tch_L9_20240128-195807_65,class_L9_20240128-195807_65,2T73-9NTo,L9,l9pe,L,47,A_Med,No_Cursor
tch_L7_20240228-113644_138,class_L7_20240228-113644_138,y4XT-oGgE,L7,l7pe,L,23,A_Low,No_Cursor
tch_M5_20240124-195937_84,class_M5_20240124-195937_84,JYVW-3xzJ,M5,m5pe,M,84,A_High,No_Cursor
tch_H2_20240128-190832_90,class_H2_20240128-190832_90,vNXn-4WkZ,H2,h2pe,H,100,A_High,Low_Cursor
tch_L8_20240222-172411_150,class_L8_20240222-172411_150,d4e8-xyMC,L8,l8pe,L,34,A_Med,No_Cursor
tch_M3_20240222-143108_174,class_M3_20240222-143108_174,nFxX-vFPG,M3,m3pe,M,71,A_High,No_Cursor
tch_L9_20240117-181958_70,class_L9_20240117-181958_70,pVh8-j7au,L9,l9pe,L,20,A_Low,No_Cursor
tch_L7_20240222-110512_141,class_L7_20240222-110512_141,N7iu-WMpo,L7,l7pe,L,31,A_Med,No_Cursor
tch_L7_20240119-093415_104,class_L7_20240119-093415_104,PmyT-f7tV,L7,l7pe,L,47,A_Med,No_Cursor
tch_L1_20240104-161036_4,class_L1_20240104-161036_4,A74y-Pr2W,L1,l1pe,L,25,A_Low,No_Cursor
tch_M3_20231229-173128_65,class_M3_20231229-173128_65,2wta-GdRA,M3,m3pe,M,85,A_High,No_Cursor
tch_L1_20231229-183345_2,class_L1_20231229-183345_2,K4T7-3kGL,L1,l1pe,L,20,A_Low,No_Cursor
tch_M3_20240128-195807_76,class_M3_20240128-195807_76,W9w6-mBqz,M3,m3pe,M,67,A_Med,No_Cursor
tch_L3_20240128-180332_30,class_L3_20240128-180332_30,iHEJ-Afd3,L3,l3pe,L,24,A_Low,No_Cursor
tch_M2_20240222-172411_72,class_M2_20240222-172411_72,xkxC-X72v,M2,m2pe,M,57,A_Med,No_Cursor
tch_L1_20240222-110512_112,class_L1_20240222-110512_112,9Gy4-eL84,L1,l1pe,L,13,A_Low,No_Cursor
tch_L2_20240128-130831_20,class_L2_20240128-130831_20,o7Qk-fmji,L2,l2pe,L,20,A_Low,No_Cursor
tch_L7_20240119-093415_117,class_L7_20240119-093415_117,Bn87-n4x6,L7,l7pe,L,47,A_Med,No_Cursor
tch_L3_20240128-142311_30,class_L3_20240128-142311_30,n4e2-wawM,L3,l3pe,L,19,A_Low,No_Cursor
tch_M3_20240222-172411_178,class_M3_20240222-172411_178,39hX-9Gon,M3,m3pe,M,72,A_High,No_Cursor
tch_L7_20240130-090904_44,class_L7_20240130-090904_44,92PW-LN3y,L7,l7pe,L,32,A_Med,No_Cursor
tch_L7_20240119-093415_110,class_L7_20240119-093415_110,7R2F-2ZtE,L7,l7pe,L,34,A_Med,No_Cursor
tch_L2_20240104-171321_11,class_L2_20240104-171321_11,3xVn-7zBG,L2,l2pe,L,34,A_Med,No_Cursor
tch_H1_20240128-205614_86,class_H1_20240128-205614_86,4pYE-bZ3s,H1,h1pe,H,100,A_High,Low_Cursor
tch_L8_20240128-170457_57,class_L8_20240128-170457_57,AK2x-jVP6,L8,l8pe,L,42,A_Med,No_Cursor
tch_L8_20240222-172411_58,class_L8_20240222-172411_58,9F7H-3Xmn,L8,l8pe,L,34,A_Med,No_Cursor
tch_L1_20240130-090904_9,class_L1_20240130-090904_9,3fR3-La32,L1,l1pe,L,37,A_Med,No_Cursor
tch_M2_20240128-170457_72,class_M2_20240128-170457_72,xHuq-RbBC,M2,m2pe,M,62,A_Med,No_Cursor
tch_L9_20240128-195807_60,class_L9_20240128-195807_60,4fDB-yHNv,L9,l9pe,L,46,A_Med,No_Cursor
tch_L1_20240128-190832_9,class_L1_20240128-190832_9,93o3-Db8w,L1,l1pe,L,22,A_Low,No_Cursor
tch_L9_20240128-190832_65,class_L9_20240128-190832_65,h4rD-3ftu,L9,l9pe,L,48,A_Med,No_Cursor
tch_L7_20240222-172411_140,class_L7_20240222-172411_140,476q-P3xF,L7,l7pe,L,28,A_Low,No_Cursor
tch_L2_20240128-130831_17,class_L2_20240128-130831_17,Jxgx-ACs2,L2,l2pe,L,36,A_Med,No_Cursor
tch_L9_20240117-181958_57,class_L9_20240117-181958_57,MG89-Rv9B,L9,l9pe,L,30,A_Low,No_Cursor
tch_H2_20240222-110512_191,class_H2_20240222-110512_191,DpYQ-R9i3,H2,h2pe,H,100,A_High,Low_Cursor
tch_L1_20240130-090904_12,class_L1_20240130-090904_12,EcCe-g2zq,L1,l1pe,L,27,A_Low,No_Cursor
tch_L8_20240128-170457_58,class_L8_20240128-170457_58,6347-8Zqm,L8,l8pe,L,48,A_Med,No_Cursor
tch_L7_20240119-103128_6,class_L7_20240119-103128_6,A6vp-U4L8,L7,l7pe,L,51,A_Med,No_Cursor
tch_L2_20240222-143108_124,class_L2_20240222-143108_124,X79e-72Em,L2,l2pe,L,22,A_Low,No_Cursor
tch_L2_20240104-171321_16,class_L2_20240104-171321_16,hQZa-q23Q,L2,l2pe,L,37,A_Med,No_Cursor
tch_H5_20240128-170457_98,class_H5_20240128-170457_98,xCt2-rw78,H5,h5pe,H,100,A_High,Med_Cursor
tch_M3_20240128-190832_77,class_M3_20240128-190832_77,fNwj-Tx9U,M3,m3pe,M,65,A_Med,No_Cursor
tch_M3_20240128-142311_78,class_M3_20240128-142311_78,v23R-3rjm,M3,m3pe,M,76,A_High,No_Cursor
tch_L8_20240128-205614_55,class_L8_20240128-205614_55,GHFY-s67C,L8,l8pe,L,47,A_Med,No_Cursor
tch_L7_20240128-205614_48,class_L7_20240128-205614_48,dDf3-ydyn,L7,l7pe,L,37,A_Med,No_Cursor
tch_L7_20240128-190832_42,class_L7_20240128-190832_42,HFZ9-EZwM,L7,l7pe,L,36,A_Med,No_Cursor
tch_L2_20240222-143108_119,class_L2_20240222-143108_119,4nra-Mdf6,L2,l2pe,L,20,A_Low,No_Cursor
tch_L1_20240222-143108_10,class_L1_20240222-143108_10,LPeP-6Vmp,L1,l1pe,L,22,A_Low,No_Cursor
tch_L8_20240222-143108_54,class_L8_20240222-143108_54,9dKC-TB38,L8,l8pe,L,41,A_Med,No_Cursor
tch_L8_20240118-160029_78,class_L8_20240118-160029_78,BTU9-LZ39,L8,l8pe,L,52,A_Med,No_Cursor
tch_L1_20240103-170558_10,class_L1_20240103-170558_10,CgnU-g9F8,L1,l1pe,L,23,A_Low,No_Cursor
tch_L1_20240103-170558_7,class_L1_20240103-170558_7,2scb-oDMt,L1,l1pe,L,28,A_Low,No_Cursor
tch_L9_20240128-220541_68,class_L9_20240128-220541_68,bL4V-T4Bi,L9,l9pe,L,38,A_Med,No_Cursor
tch_L9_20240128-142311_68,class_L9_20240128-142311_68,vumf-E3x3,L9,l9pe,L,39,A_Med,No_Cursor
tch_L1_20240128-142311_4,class_L1_20240128-142311_4,DeFh-T6ZL,L1,l1pe,L,13,A_Low,No_Cursor
tch_L7_20240119-093415_103,class_L7_20240119-093415_103,T3ZY-Tzyv,L7,l7pe,L,49,A_Med,No_Cursor
tch_L2_20240128-130831_18,class_L2_20240128-130831_18,43iZ-Kv2M,L2,l2pe,L,31,A_Med,No_Cursor
tch_H1_20240222-172411_185,class_H1_20240222-172411_185,b8VM-hHhL,H1,h1pe,H,100,A_High,Low_Cursor
tch_L9_20240222-172411_161,class_L9_20240222-172411_161,D727-8LtC,L9,l9pe,L,39,A_Med,No_Cursor
tch_L7_20240124-195937_34,class_L7_20240124-195937_34,3Joc-i4rg,L7,l7pe,L,33,A_Med,No_Cursor
tch_L2_20240128-220541_19,class_L2_20240128-220541_19,mZzk-s4WV,L2,l2pe,L,28,A_Low,No_Cursor
tch_L1_20240222-172411_114,class_L1_20240222-172411_114,eXzT-79r4,L1,l1pe,L,17,A_Low,No_Cursor
tch_L1_20240130-090904_14,class_L1_20240130-090904_14,YT4j-Jm89,L1,l1pe,L,22,A_Low,No_Cursor
tch_L2_20240128-195807_28,class_L2_20240128-195807_28,8R4c-omsT,L2,l2pe,L,17,A_Low,No_Cursor
tch_L7_20240124-195937_45,class_L7_20240124-195937_45,6o2y-q8t2,L7,l7pe,L,24,A_Low,No_Cursor
tch_L7_20240128-170457_41,class_L7_20240128-170457_41,NDuv-yPU6,L7,l7pe,L,32,A_Med,No_Cursor
tch_L9_20240128-190832_68,class_L9_20240128-190832_68,prG2-wLnh,L9,l9pe,L,44,A_Med,No_Cursor
tch_L7_20240119-093415_111,class_L7_20240119-093415_111,bA7G-V3CA,L7,l7pe,L,52,A_Med,No_Cursor
tch_L1_20240124-195937_3,class_L1_20240124-195937_3,KLY3-nVt2,L1,l1pe,L,18,A_Low,No_Cursor
tch_M1_20231229-183345_54,class_M1_20231229-183345_54,DonW-MCQs,M1,m1pe,M,67,A_Med,No_Cursor
tch_L2_20240128-180332_16,class_L2_20240128-180332_16,ke26-zT97,L2,l2pe,L,27,A_Low,No_Cursor
tch_L9_20240222-110512_61,class_L9_20240222-110512_61,Ns4u-QhU4,L9,l9pe,L,39,A_Med,No_Cursor
tch_L1_20240130-090904_2,class_L1_20240130-090904_2,MZ94-QHwq,L1,l1pe,L,28,A_Low,No_Cursor
tch_M5_20240222-172411_184,class_M5_20240222-172411_184,9g87-2CKA,M5,m5pe,M,74,A_High,No_Cursor
tch_L7_20240222-172411_35,class_L7_20240222-172411_35,6ANG-efwD,L7,l7pe,L,23,A_Low,No_Cursor
tch_L9_20240117-181958_77,class_L9_20240117-181958_77,3CJF-oYec,L9,l9pe,L,38,A_Med,No_Cursor
tch_L8_20240128-170457_49,class_L8_20240128-170457_49,iWCD-nZx9,L8,l8pe,L,39,A_Med,No_Cursor
tch_L3_20240102-154640_23,class_L3_20240102-154640_23,6EeW-Aaoh,L3,l3pe,L,36,A_Med,No_Cursor
tch_L8_20240128-190832_56,class_L8_20240128-190832_56,L3nV-nV3r,L8,l8pe,L,47,A_Med,No_Cursor
tch_LTI_20240909-135148_1,ltiClass_20240909-135148_1,hsAr-tQrz,H4,h4pe,H,100,A_High,Med_Cursor
tch_L1_20240130-090904_1,class_L1_20240130-090904_1,GHsq-92im,L1,l1pe,L,28,A_Low,No_Cursor
tch_L2_20240128-190832_18,class_L2_20240128-190832_18,b7Ex-baDw,L2,l2pe,L,14,A_Low,No_Cursor
tch_L2_20240128-205614_23,class_L2_20240128-205614_23,q4f9-Jwkn,L2,l2pe,L,27,A_Low,No_Cursor
tch_H5_20240128-142311_99,class_H5_20240128-142311_99,4nfY-R9ki,H5,h5pe,H,100,A_High,Med_Cursor
tch_L1_20240128-195807_13,class_L1_20240128-195807_13,AFUh-9VKe,L1,l1pe,L,27,A_Low,No_Cursor
tch_LTI_20240909-135148_5,ltiClass_20240909-135148_5,2cvN-KQE4,H4,h4pe,H,100,A_High,Med_Cursor
tch_L7_20240119-093415_90,class_L7_20240119-093415_90,w8qt-Xg9t,L7,l7pe,L,42,A_Med,No_Cursor
tch_M1_20240128-130831_69,class_M1_20240128-130831_69,fD4i-J72B,M1,m1pe,M,51,A_Med,No_Cursor
tch_H2_20240128-190832_91,class_H2_20240128-190832_91,7kAP-8kYe,H2,h2pe,H,100,A_High,Low_Cursor
tch_L7_20240119-093415_62,class_L7_20240119-093415_62,G6Q7-QX8A,L7,l7pe,L,35,A_Med,No_Cursor
tch_L1_20240128-190832_3,class_L1_20240128-190832_3,6FYg-Uk4d,L1,l1pe,L,28,A_Low,No_Cursor
tch_L8_20240128-220541_55,class_L8_20240128-220541_55,W4hd-cbs9,L8,l8pe,L,44,A_Med,No_Cursor
tch_H1_20240128-130831_85,class_H1_20240128-130831_85,2Tnw-ho47,H1,h1pe,H,100,A_High,Low_Cursor
tch_L2_20240128-142311_23,class_L2_20240128-142311_23,8s8U-Z3c6,L2,l2pe,L,23,A_Low,No_Cursor
tch_L8_20240128-190832_52,class_L8_20240128-190832_52,uX9M-vzu2,L8,l8pe,L,43,A_Med,No_Cursor
tch_L7_20240222-172411_148,class_L7_20240222-172411_148,J8hD-A7Lj,L7,l7pe,L,28,A_Low,No_Cursor
tch_L7_20240128-130831_48,class_L7_20240128-130831_48,B4Av-8vqe,L7,l7pe,L,37,A_Med,No_Cursor
tch_L7_20240128-190832_36,class_L7_20240128-190832_36,24Gs-PJkv,L7,l7pe,L,38,A_Med,No_Cursor
tch_L1_20240104-161036_8,class_L1_20240104-161036_8,8w8t-49RB,L1,l1pe,L,30,A_Low,No_Cursor
tch_L1_20240222-143108_6,class_L1_20240222-143108_6,2L4D-4hE4,L1,l1pe,L,23,A_Low,No_Cursor
tch_M5_20240222-172411_181,class_M5_20240222-172411_181,9pQX-48DX,M5,m5pe,M,79,A_High,No_Cursor
tch_H2_20240102-154640_77,class_H2_20240102-154640_77,PkQM-9HY2,H2,h2pe,H,100,A_High,Low_Cursor
tch_L7_20240119-093415_119,class_L7_20240119-093415_119,Papv-A36D,L7,l7pe,L,55,A_Med,No_Cursor
tch_H1_20240222-143108_87,class_H1_20240222-143108_87,sBU7-k7Yw,H1,h1pe,H,100,A_High,Low_Cursor
tch_L7_20240128-142311_36,class_L7_20240128-142311_36,n8Vt-3UwU,L7,l7pe,L,34,A_Med,No_Cursor
tch_L3_20240222-110512_131,class_L3_20240222-110512_131,Wti6-W6cx,L3,l3pe,L,13,A_Low,No_Cursor
tch_M3_20231229-183345_63,class_M3_20231229-183345_63,eDcY-Z2NW,M3,m3pe,M,83,A_High,No_Cursor
tch_L7_20240119-093415_99,class_L7_20240119-093415_99,KF2k-3XHg,L7,l7pe,L,40,A_Med,No_Cursor
tch_L1_20240130-090904_11,class_L1_20240130-090904_11,Q6i9-a2q3,L1,l1pe,L,18,A_Low,No_Cursor
tch_L1_20240228-113644_106,class_L1_20240228-113644_106,fQg9-cCeb,L1,l1pe,L,17,A_Low,No_Cursor
tch_L3_20240228-113644_130,class_L3_20240228-113644_130,Jadg-hun3,L3,l3pe,L,14,A_Low,No_Cursor
tch_L9_20240128-205614_66,class_L9_20240128-205614_66,nLRe-TWEU,L9,l9pe,L,45,A_Med,No_Cursor
tch_M3_20240124-195937_76,class_M3_20240124-195937_76,w8mR-f4zF,M3,m3pe,M,73,A_High,No_Cursor
tch_L1_20240128-170457_14,class_L1_20240128-170457_14,ya4c-PMhb,L1,l1pe,L,26,A_Low,No_Cursor
tch_H1_20240128-190832_86,class_H1_20240128-190832_86,73d7-yPbm,H1,h1pe,H,100,A_High,Low_Cursor
tch_L1_20240128-142311_6,class_L1_20240128-142311_6,Zje6-76r4,L1,l1pe,L,31,A_Med,No_Cursor
tch_L1_20240104-171321_10,class_L1_20240104-171321_10,Yd63-FtMQ,L1,l1pe,L,29,A_Low,No_Cursor
tch_L7_20240119-093415_82,class_L7_20240119-093415_82,MGfF-dWsb,L7,l7pe,L,45,A_Med,No_Cursor
tch_L7_20240119-093415_83,class_L7_20240119-093415_83,M7sg-4Any,L7,l7pe,L,37,A_Med,No_Cursor
tch_M3_20240128-195807_77,class_M3_20240128-195807_77,hFfK-N4eK,M3,m3pe,M,80,A_High,No_Cursor
tch_L7_20240222-143108_44,class_L7_20240222-143108_44,72Mq-2389,L7,l7pe,L,28,A_Low,No_Cursor
tch_H1_20240128-220541_86,class_H1_20240128-220541_86,MZPz-k3fZ,H1,h1pe,H,100,A_High,Low_Cursor
tch_L1_20240222-110512_115,class_L1_20240222-110512_115,B8pg-W727,L1,l1pe,L,13,A_Low,No_Cursor
tch_L7_20240119-093415_91,class_L7_20240119-093415_91,28XL-hmoT,L7,l7pe,L,35,A_Med,No_Cursor
tch_L1_20240128-190832_2,class_L1_20240128-190832_2,62UB-UXsf,L1,l1pe,L,21,A_Low,No_Cursor
tch_H1_20240128-170457_86,class_H1_20240128-170457_86,LJyo-YeKL,H1,h1pe,H,100,A_High,Low_Cursor
tch_H5_20240222-143108_99,class_H5_20240222-143108_99,2cTr-sm7f,H5,h5pe,H,100,A_High,Med_Cursor
tch_L8_20240128-195807_56,class_L8_20240128-195807_56,hMeW-RQDE,L8,l8pe,L,43,A_Med,No_Cursor
tch_H5_20240222-110512_98,class_H5_20240222-110512_98,nPfJ-eRQP,H5,h5pe,H,100,A_High,Med_Cursor
tch_L7_20240222-110512_35,class_L7_20240222-110512_35,VGF4-svW7,L7,l7pe,L,25,A_Low,No_Cursor
tch_M3_20240124-195937_75,class_M3_20240124-195937_75,gK6Q-gY4z,M3,m3pe,M,71,A_High,No_Cursor
tch_H2_20240128-220541_90,class_H2_20240128-220541_90,rNBJ-RM6h,H2,h2pe,H,100,A_High,Low_Cursor
tch_L2_20231229-163209_19,class_L2_20231229-163209_19,Fshn-zCMu,L2,l2pe,L,31,A_Med,No_Cursor
tch_M2_20240222-110512_73,class_M2_20240222-110512_73,2caU-7GB6,M2,m2pe,M,56,A_Med,No_Cursor
tch_L9_20240222-110512_66,class_L9_20240222-110512_66,kLb3-6Q9P,L9,l9pe,L,38,A_Med,No_Cursor
tch_M5_20240222-172411_83,class_M5_20240222-172411_83,ry9U-9yAD,M5,m5pe,M,77,A_High,No_Cursor
tch_L8_20240128-130831_58,class_L8_20240128-130831_58,aRDW-ThmH,L8,l8pe,L,41,A_Med,No_Cursor
tch_L2_20240124-195937_22,class_L2_20240124-195937_22,pKT6-8J6R,L2,l2pe,L,27,A_Low,No_Cursor
tch_L3_20240128-195807_32,class_L3_20240128-195807_32,ChtD-XMgd,L3,l3pe,L,15,A_Low,No_Cursor
tch_L3_20240102-192514_27,class_L3_20240102-192514_27,o237-g4Hq,L3,l3pe,L,32,A_Med,No_Cursor
tch_M2_20231229-173128_60,class_M2_20231229-173128_60,3X8X-7Aug,M2,m2pe,M,62,A_Med,No_Cursor
tch_L7_20240128-195807_39,class_L7_20240128-195807_39,7N42-eag2,L7,l7pe,L,38,A_Med,No_Cursor
tch_H1_20231229-183345_74,class_H1_20231229-183345_74,n74w-Z9FB,H1,h1pe,H,100,A_High,Low_Cursor
tch_L7_20240128-220541_47,class_L7_20240128-220541_47,7cBT-H6a2,L7,l7pe,L,32,A_Med,No_Cursor
tch_L7_20240128-205614_35,class_L7_20240128-205614_35,YHCF-YQ3m,L7,l7pe,L,33,A_Med,No_Cursor
tch_M4_20231229-173128_70,class_M4_20231229-173128_70,7DAb-ij82,M4,m4pe,M,92,A_High,No_Cursor
tch_L8_20240228-113644_50,class_L8_20240228-113644_50,yLM6-B9cr,L8,l8pe,L,37,A_Med,No_Cursor
tch_L9_20240222-143108_168,class_L9_20240222-143108_168,28hm-k4t6,L9,l9pe,L,33,A_Med,No_Cursor
tch_L1_20240222-172411_3,class_L1_20240222-172411_3,4sLo-23X2,L1,l1pe,L,18,A_Low,No_Cursor
tch_L7_20240128-170457_34,class_L7_20240128-170457_34,MZax-Cpb8,L7,l7pe,L,29,A_Low,No_Cursor
tch_L2_20240103-170558_12,class_L2_20240103-170558_12,Px3L-C7x2,L2,l2pe,L,34,A_Med,No_Cursor
tch_L8_20240128-180332_56,class_L8_20240128-180332_56,uTkm-23q9,L8,l8pe,L,45,A_Med,No_Cursor
tch_L9_20240222-143108_62,class_L9_20240222-143108_62,GsVa-n6pR,L9,l9pe,L,42,A_Med,No_Cursor
tch_L9_20240128-205614_60,class_L9_20240128-205614_60,36n4-gZ3b,L9,l9pe,L,46,A_Med,No_Cursor
tch_L3_20240222-143108_130,class_L3_20240222-143108_130,9Hyx-e94K,L3,l3pe,L,22,A_Low,No_Cursor
tch_M4_20240128-205614_79,class_M4_20240128-205614_79,2d8G-DBiJ,M4,m4pe,M,82,A_High,No_Cursor
tch_L3_20240124-195937_33,class_L3_20240124-195937_33,RV8A-TJeW,L3,l3pe,L,27,A_Low,No_Cursor
tch_L1_20240222-172411_7,class_L1_20240222-172411_7,A7Ba-2K4J,L1,l1pe,L,13,A_Low,No_Cursor
tch_M2_20240128-190832_71,class_M2_20240128-190832_71,HUG2-q2tU,M2,m2pe,M,64,A_Med,No_Cursor
tch_L2_20240222-110512_25,class_L2_20240222-110512_25,6q7L-9PMo,L2,l2pe,L,14,A_Low,No_Cursor
tch_L7_20240222-110512_48,class_L7_20240222-110512_48,3qfi-2c9d,L7,l7pe,L,27,A_Low,No_Cursor
tch_L1_20240222-143108_110,class_L1_20240222-143108_110,i42v-XV7v,L1,l1pe,L,13,A_Low,No_Cursor
tch_L9_20240128-130831_67,class_L9_20240128-130831_67,Bie8-a2U6,L9,l9pe,L,42,A_Med,No_Cursor
tch_L2_20240222-110512_21,class_L2_20240222-110512_21,6AUV-74FX,L2,l2pe,L,22,A_Low,No_Cursor
tch_L7_20240128-170457_44,class_L7_20240128-170457_44,J9k9-RF3A,L7,l7pe,L,28,A_Low,No_Cursor
tch_L2_20240128-130831_26,class_L2_20240128-130831_26,2GX9-6YjP,L2,l2pe,L,21,A_Low,No_Cursor
tch_H4_20231229-183345_87,class_H4_20231229-183345_87,W4rN-98na,H4,h4pe,H,100,A_High,Low_Cursor
tch_L9_20240117-181958_73,class_L9_20240117-181958_73,9mDA-X82k,L9,l9pe,L,40,A_Med,No_Cursor
tch_L3_20240102-154640_29,class_L3_20240102-154640_29,Chtq-nwZH,L3,l3pe,L,42,A_Med,No_Cursor
tch_L8_20240128-170457_52,class_L8_20240128-170457_52,EMbr-qd43,L8,l8pe,L,49,A_Med,No_Cursor
tch_L9_20240128-220541_63,class_L9_20240128-220541_63,FBd2-uV48,L9,l9pe,L,46,A_Med,No_Cursor
tch_L9_20240128-205614_65,class_L9_20240128-205614_65,3CoP-iYUu,L9,l9pe,L,47,A_Med,No_Cursor
tch_L3_20240124-195937_29,class_L3_20240124-195937_29,NW4Q-vo3m,L3,l3pe,L,23,A_Low,No_Cursor
tch_L7_20240222-143108_143,class_L7_20240222-143108_143,AX9o-eNH6,L7,l7pe,L,27,A_Low,No_Cursor
tch_L1_20240222-110512_6,class_L1_20240222-110512_6,vexc-Ryz9,L1,l1pe,L,16,A_Low,No_Cursor
tch_L3_20240222-110512_129,class_L3_20240222-110512_129,7wdq-mXHb,L3,l3pe,L,17,A_Low,No_Cursor
tch_M2_20240222-143108_173,class_M2_20240222-143108_173,yX32-8697,M2,m2pe,M,56,A_Med,No_Cursor
tch_H1_20240102-192514_72,class_H1_20240102-192514_72,rfwH-N6n3,H1,h1pe,H,100,A_High,Low_Cursor
tch_L7_20240222-143108_148,class_L7_20240222-143108_148,9WAD-hz6b,L7,l7pe,L,29,A_Low,No_Cursor
tch_M5_20240111-185155_25,class_M5_20240111-185155_25,84Lh-EN6W,M5,m5pe,M,95,A_High,No_Cursor
tch_L9_20240222-172411_65,class_L9_20240222-172411_65,ywax-37Dn,L9,l9pe,L,39,A_Med,No_Cursor
tch_M2_20240128-190832_73,class_M2_20240128-190832_73,W2Cc-iWfH,M2,m2pe,M,66,A_Med,No_Cursor
tch_L1_20240128-220541_3,class_L1_20240128-220541_3,hs69-B367,L1,l1pe,L,14,A_Low,No_Cursor
tch_L1_20240222-110512_105,class_L1_20240222-110512_105,g96j-DNTU,L1,l1pe,L,18,A_Low,No_Cursor
tch_L9_20240222-143108_64,class_L9_20240222-143108_64,DJa3-79yj,L9,l9pe,L,33,A_Med,No_Cursor
tch_L8_20240222-110512_51,class_L8_20240222-110512_51,YDe9-tNuL,L8,l8pe,L,36,A_Med,No_Cursor
tch_L7_20240119-093415_54,class_L7_20240119-093415_54,4PD2-J4Dc,L7,l7pe,L,40,A_Med,No_Cursor
tch_L2_20240102-192514_18,class_L2_20240102-192514_18,7V7i-pqXL,L2,l2pe,L,37,A_Med,No_Cursor
tch_H1_20240222-143108_186,class_H1_20240222-143108_186,t4m6-Tu7u,H1,h1pe,H,100,A_High,Low_Cursor
tch_M2_20240222-143108_71,class_M2_20240222-143108_71,7v6o-B73q,M2,m2pe,M,59,A_Med,No_Cursor
tch_L8_20240118-160029_106,class_L8_20240118-160029_106,3D6h-vo96,L8,l8pe,L,62,A_Med,No_Cursor
tch_L9_20240128-180332_66,class_L9_20240128-180332_66,si34-NaFL,L9,l9pe,L,42,A_Med,No_Cursor
tch_L8_20240222-110512_50,class_L8_20240222-110512_50,Kmov-mg63,L8,l8pe,L,39,A_Med,No_Cursor
tch_L8_20240118-160029_88,class_L8_20240118-160029_88,96vh-qU96,L8,l8pe,L,45,A_Med,No_Cursor